Org Name,Org Code,Org Type,Function,Contact Name,Address 1,Address 2,Town,State,Zip,Phone,Fax,Grade
Abby Kelley Foster Charter Public (District),04450000,Charter District,Charter School Leader,Kathleen Greenwood,10 New Bond Street,,Worcester,MA,01606,508-854-8400,508-854-8484,"K,01,02,03,04,05,06,07,08,09,10,11,12"
Abington,00010000,Public School District,Superintendent,Peter Schafer,171 Adams St,,Abington,MA,02351,781-982-2150,781-982-2157,"PK,K,01,02,03,04,05,06,07,08,09,10,11,12"
Academy Of the Pacific Rim Charter Public (District),04120000,Charter District,Charter School Leader,Susan Thompson,1 Westinghouse Plaza,,Hyde Park,MA,02136,617-361-0050,617-361-0045,"05,06,07,08,09,10,11,12"
Acton,00020000,Public School District,Superintendent,Stephen Mills,16 Charter Road,,Acton,MA,01720,978-264-4700,978-264-3340,"PK,K,01,02,03,04,05,06"
Acton-Boxborough,06000000,Public School District,Superintendent,Stephen Mills,16 Charter Rd,,Acton,MA,01720,978-264-4700,978-264-3340,"07,08,09,10,11,12"
Acushnet,00030000,Public School District,Superintendent,Stephen Donovan,708 Middle Road,Suite 1,Acushnet,MA,02743,508-998-0260,508-998-0262,"PK,K,01,02,03,04,05,06,07,08"
Adams (non-op),00040000,Public School District,Superintendent,Alfred Skrocki,125 Savoy Road,,Cheshire,MA,01225,413-743-2939,413-743-4135,NA
Adams-Cheshire,06030000,Public School District,Superintendent,Kristen Gordon,191 Church St,,Cheshire,MA,01225,413-743-2939,413-743-4135,"PK,K,01,02,03,04,05,06,07,08,09,10,11,12"
Advanced Math and Science Academy Charter (District),04300000,Charter District,Charter School Leader,John Brucato,201 Forest Street,,Marlborough,MA,01752,508-597-2400,508-597-2499,"06,07,08,09,10,11,12"
Agawam,00050000,Public School District,Superintendent,William Sapelli,1305 Springfield St,Suite 1,Feeding Hills,MA,01030,413-821-0548,413-789-1835,"PK,K,01,02,03,04,05,06,07,08,09,10,11,12"
Alford (non-op),00060000,Public School District,Superintendent,David Hastings,PO Box 339,,Sheffield,MA,01257,413-229-8778,413-229-2913,NA
Alma del Mar Charter School (District),04090000,Charter District,Charter School Leader,Will Gardner,26 Madeira Avenue,,New Bedford,MA,02746,508-542-7153,877-719-8773,"K,01,02,03,04"
Amesbury,00070000,Public School District,Superintendent,Michele Robinson,5 Highland Street,,Amesbury,MA,01913,978-388-0507,978-388-8315,"PK,K,01,02,03,04,05,06,07,08,09,10,11,12"
Amesbury Academy Charter Public (District),04150000,Charter District,Charter School Leader,Norman Hamond,71 Friend Street,,Amesbury,MA,01913,978-388-8037,978-388-8073,"09,10,11,12"
Amherst,00080000,Public School District,Superintendent,Maria Geryk,170 Chestnut Street,,Amherst,MA,01002,413-362-1810,413-549-6108,"PK,K,01,02,03,04,05,06"
Amherst-Pelham,06050000,Public School District,Superintendent,Maria Geryk,170 Chestnut Street,,Amherst,MA,01002,413-362-1810,413-549-6108,"07,08,09,10,11,12"
Andover,00090000,Public School District,Superintendent,Marinel McGrath,36 Bartlet Street,,Andover,MA,01810,978-623-8501,978-623-8505,"PK,K,01,02,03,04,05,06,07,08,09,10,11,12"
Aquinnah (non-op),01040000,Public School District,Superintendent,James Weiss,4 Pine Street,,Vineyard Haven,MA,02568,508-693-2007,508-693-3190,NA
Arlington,00100000,Public School District,Superintendent,Kathleen Bodie,869 Massachusetts Avenue,,Arlington,MA,02476,781-316-3523,781-316-3509,"PK,K,01,02,03,04,05,06,07,08,09,10,11,12"
Ashburnham (non-op),00110000,Public School District,Superintendent,Ralph Hicks,11 Oakmont Drive,,Ashburnham,MA,01430,978-827-1434,978-827-5969,NA
Ashburnham-Westminster,06100000,Public School District,Superintendent,Ralph Hicks,11 Oakmont Drive,c/o Office of the Superintendent,Ashburnham,MA,01430,978-827-1434,978-827-5969,"PK,K,01,02,03,04,05,06,07,08,09,10,11,12"
Ashby (non-op),00120000,Public School District,Superintendent,Maureen Marshall,23 Main Street,,Townsend,MA,01469,978-597-8713,978-597-6534,NA
Ashfield (non-op),00130000,Public School District,Superintendent,Michael Buoniconti,24 Ashfield Road,,Shelburne Falls,MA,01370,413-625-0192,413-625-0196,NA
Ashland,00140000,Public School District,Superintendent,Brooke Clenchy,87 West Union Street,,Ashland,MA,01721,508-881-0150,508-881-0161,"PK,K,01,02,03,04,05,06,07,08,09,10,11,12"
Assabet Valley Regional Vocational Technical,08010000,Public School District,Superintendent,Patrick Collins,215 Fitchburg Street,,Marlborough,MA,01752,508-485-9430,508-460-3472,"09,10,11,12"
Athol (non-op),00150000,Public School District,Superintendent,Anthony Polito,P.O.Box 968,,Athol,MA,01331,978-249-2400,978-249-2402,NA
Athol-Royalston,06150000,Public School District,Superintendent,Anthony Polito,1062 Pleasant Street,,Athol,MA,01331,978-249-2400,978-249-2402,"PK,K,01,02,03,04,05,06,07,08,09,10,11,12"
Atlantis Charter (District),04910000,Charter District,Charter School Leader,Robert Beatty,37 Park Street Street,,Fall River,MA,02721,508-672-2181,508-672-2474,"K,01,02,03,04,05,06,07,08"
Attleboro,00160000,Public School District,Superintendent,Kenneth Sheehan,100 Rathbun Willard Drive,,Attleboro,MA,02703,508-222-0012,508-223-1577,"PK,K,01,02,03,04,05,06,07,08,09,10,11,12"
Auburn,00170000,Public School District,Superintendent,Maryellen Brunelle,5 West Street,,Auburn,MA,01501,508-832-7755,508-832-7757,"PK,K,01,02,03,04,05,06,07,08,09,10,11,12"
Avon,00180000,Public School District,Superintendent,Paul Zinni,1 Patrick Clark Drive,,Avon,MA,02322,508-588-0230,508-559-1081,"PK,K,01,02,03,04,05,06,07,08,09,10,11,12"
Ayer (non-op),00190000,Public School District,Superintendent,Carl Mock,141 Washington Street,,Ayer,MA,01432,978-772-8600,978-772-7444,NA
Ayer Shirley School District,06160000,Public School District,Superintendent,Carl Mock,141 Washington Street,,Ayer,MA,01432,978-772-8600,978-772-7444,"PK,K,01,02,03,04,05,06,07,08,09,10,11,12"
Barnstable,00200000,Public School District,Superintendent,Mary Czajkowski,P O Box 955,,Hyannis,MA,02601,508-862-4953,508-790-6454,"PK,K,01,02,03,04,05,06,07,08,09,10,11,12"
Barnstable Community Horace Mann Charter Public (District),04270000,Charter District,Charter School Leader,Marilee Cantelmo,165 Bearses Way,,Hyannis,MA,02601,508-790-6485,508-790-6432,"K,01,02,03"
Barre (non-op),00210000,Public School District,Superintendent,Maureen Marshall,872 South Street,,Barre,MA,01005,978-355-4668,978-355-6756,NA
Baystate Academy Charter Public School,35020000,Charter District,Charter School Leader,Timothy Sneed,334 Franklin Street,,Springfield,MA,01104,413-366-5103,413-366-5101,"06,07"
Becket (non-op),00220000,Public School District,Superintendent,William Cameron,PO Box 299,,Dalton,MA,01227,413-684-0320,413-684-1520,NA
Bedford,00230000,Public School District,Superintendent,Jonathan Sills,97 McMahon Road,,Bedford,MA,01730,781-275-7588,781-275-0885,"PK,K,01,02,03,04,05,06,07,08,09,10,11,12"
Belchertown,00240000,Public School District,Superintendent,Judith Houle,PO Box 841,,Belchertown,MA,01007,413-323-0456,413-323-0448,"PK,K,01,02,03,04,05,06,07,08,09,10,11,12"
Bellingham,00250000,Public School District,Superintendent,Edward Fleury,60 Harpin Street,,Bellingham,MA,02019,508-883-1706,508-883-0180,"PK,K,01,02,03,04,05,06,07,08,09,10,11,12"
Belmont,00260000,Public School District,Superintendent,Thomas Kingston,644 Pleasant Street,,Belmont,MA,02478,617-993-5401,617-993-5409,"PK,K,01,02,03,04,05,06,07,08,09,10,11,12"
Benjamin Banneker Charter Public (District),04200000,Charter District,Charter School Leader,Sherley Bretous-Carre,21 Notre Dame Avenue,,Cambridge,MA,02140,617-497-7771,617-497-4223,"K,01,02,03,04,05,06"
Benjamin Franklin Classical Charter Public (District),04470000,Charter District,Charter School Leader,Heather Zolnowski,201 Main Street,,Franklin,MA,02038,508-541-3434,508-541-5396,"K,01,02,03,04,05,06,07,08"
Berkley,00270000,Public School District,Superintendent,Thomas Lynch,21 North Main Street,,Berkley,MA,02779,508-822-5220,508-823-1772,"PK,K,01,02,03,04,05,06,07,08"
Berkshire Arts and Technology Charter Public (District),04140000,Charter District,Charter School Leader,Julia Bowen,1 Commercial Pl,PO Box 267,Adams,MA,01220,413-743-7311,413-743-7327,"06,07,08,09,10,11,12"
Berkshire Hills,06180000,Public School District,Superintendent,Peter Dillon,50 Main Street,PO Box 617,Stockbridge,MA,01262,413-298-4017,413-298-4017,"PK,K,01,02,03,04,05,06,07,08,09,10,11,12"
Berlin,00280000,Public School District,Superintendent,Nadine Ekstrom,215 Main Street,,Boylston,MA,01505,508-869-2837,508-869-0023,"PK,K,01,02,03,04,05"
Berlin-Boylston,06200000,Public School District,Superintendent,Nadine Ekstrom,215 Main Street,,Boylston,MA,01505,508-869-2837,508-869-0023,"06,07,08,09,10,11,12"
Bernardston (non-op),00290000,Public School District,Superintendent,Dayle Doiron,97 F Sumner Turner Rd,,Northfield,MA,01360,413-498-2911,413-498-0045,NA
Beverly,00300000,Public School District,Superintendent,Albert Argenziano,502 Cabot St,,Beverly,MA,01915,978-921-6100,978-922-6597,"PK,K,01,02,03,04,05,06,07,08,09,10,11,12"
Billerica,00310000,Public School District,Superintendent,Timothy Piwowar,365 Boston Rd,,Billerica,MA,01821,978-528-7900,978-436-9595,"PK,K,01,02,03,04,05,06,07,08,09,10,11,12"
Blackstone (non-op),00320000,Public School District,Superintendent,Perry Davis,175 Lincoln Street,,Blackstone,MA,01504,508-883-4400,508-883-9892,NA
Blackstone Valley Regional Vocational Technical,08050000,Public School District,Superintendent,Michael Fitzpatrick,65 Pleasant Street,,Upton,MA,01568,508-529-7758,508-529-3079,"09,10,11,12"
Blackstone-Millville,06220000,Public School District,Superintendent,Perry Davis,175 Lincoln Street,,Blackstone,MA,01504,508-883-4400,508-883-9892,"PK,K,01,02,03,04,05,06,07,08,09,10,11,12"
Blandford (non-op),00330000,Public School District,Superintendent,David Hopson,12 Littleville Road,,Huntington,MA,01050,413-685-1011,413-667-8739,NA
Blue Hills Regional Vocational Technical,08060000,Public School District,Superintendent,James Quaglia,800 Randolph Street,,Canton,MA,02021,781-828-5800,781-828-3872,"09,10,11,12"
Bolton (non-op),00340000,Public School District,Superintendent,Michael Wood,50 Mechanic Street,,Bolton,MA,01740,978-779-0539,978-779-6812,NA
Boston,00350000,Public School District,Superintendent,John McDonough,26 Court Street,,Boston,MA,02108,617-635-9050,617-635-9059,"PK,K,01,02,03,04,05,06,07,08,09,10,11,12"
Boston Collegiate Charter (District),04490000,Charter District,Charter School Leader,Shannah Varon,11 Mayhew Street,,Dorchester,MA,02125,617-265-1172,617-265-1176,"05,06,07,08,09,10,11,12"
Boston Day and Evening Academy Charter (District),04240000,Charter District,Charter School Leader,Beatriz McConnie Zapater,20 Kearsarge Ave,,Roxbury,MA,02119,617-635-6789,617-635-6380,"09,10,11,12"
Boston Green Academy Horace Mann Charter School (District),04110000,Charter District,Charter School Leader,Natalie Jaeger,95 G Street,,South Boston,MA,02127,617-635-9860,617-635-9858,"09,10,11,12"
Boston Preparatory Charter Public (District),04160000,Charter District,Charter School Leader,Sharon Liszanckie,1286 Hyde Park Avenue,,Hyde Park,MA,02136,617-333-6688,617-333-6689,"06,07,08,09,10,11,12"
Boston Renaissance Charter Public (District),04810000,Charter District,Charter School Leader,Roger Harris,1415 Hyde Park Ave,,Hyde Park,MA,02136,617-357-0900,617-357-0949,"PK,K,01,02,03,04,05,06"
Bourne,00360000,Public School District,Superintendent,Steven Lamarche,36 Sandwich Rd,,Bourne,MA,02532,508-759-0660,508-759-1107,"PK,K,01,02,03,04,05,06,07,08,09,10,11,12"
Boxborough,00370000,Public School District,Superintendent,Curtis Bates,493 Massachusetts Avenue,,Boxborough,MA,01719,978-263-4569,978-263-0477,"PK,K,01,02,03,04,05,06"
Boxford,00380000,Public School District,Superintendent,Bernard Creeden,28 Middleton Road,,Boxford,MA,01921,978-887-0771,978-887-8042,"PK,K,01,02,03,04,05,06"
Boylston,00390000,Public School District,Superintendent,Nadine Ekstrom,215 Main Street,,Boylston,MA,01505,508-869-2837,508-869-0023,"PK,K,01,02,03,04,05"
Braintree,00400000,Public School District,Superintendent,Maureen Murray,348 Pond Street,,Braintree,MA,02184,781-380-0130,781-380-0146,"PK,K,01,02,03,04,05,06,07,08,09,10,11,12"
Brewster,00410000,Public School District,Superintendent,Richard Hoffmann,78 Eldredge Pkwy,,Orleans,MA,02653,508-255-8800,508-240-2351,"PK,K,01,02,03,04,05"
Bridge Boston Charter School (District),04170000,Charter District,Charter School Leader,Jug Chokshi,2 McLellan Street,,Dorchester,MA,02121,857-229-1601,--,"PK,K,01,02"
Bridgewater (non-op),00420000,Public School District,Superintendent,Jacqueline Forbes,166 Mt. Prospect Street,,Bridgewater,MA,02324,508-279-2140,508-697-7012,NA
Bridgewater-Raynham,06250000,Public School District,Superintendent,Jacqueline Forbes,166 Mt. Prospect Street,,Bridgewater,MA,02324,508-279-2140,508-697-7012,"PK,K,01,02,03,04,05,06,07,08,09,10,11,12"
Brimfield,00430000,Public School District,Superintendent,Erin Nosek,320A Brookfield Rd,,Fiskdale,MA,01518,508-347-3077,508-347-2697,"PK,K,01,02,03,04,05,06"
Bristol County Agricultural,09100000,Public School District,Superintendent,Stephen Dempsey,135 Center Street,,Dighton,MA,02715,508-669-6744,508-669-6747,"09,10,11,12"
Bristol-Plymouth Regional Vocational Technical,08100000,Public School District,Superintendent,Richard Gross,207 Hart Street,,Taunton,MA,02780,508-823-5151,508-880-7287,"09,10,11,12"
Brockton,00440000,Public School District,Superintendent,Kathleen Smith,43 Crescent Street,,Brockton,MA,02301,508-580-7511,508-580-7513,"PK,K,01,02,03,04,05,06,07,08,09,10,11,12"
Brooke Charter School East Boston (District),04570000,Charter District,Charter School Leader,Kimberly Steadman,189 Paris Street,,East Boston,MA,02128,617-409-5150,--,"K,01,02,05,06"
Brooke Charter School Mattapan (District),04430000,Charter District,Charter School Leader,Kimberly Steadman,7 Elkins Street,,Boston,MA,02127,617-269-1006,617-268-1107,"K,01,02,03,05,06,07"
Brooke Charter School Roslindale (District),04280000,Charter District,Charter School Leader,Kimberly Steadman,190 Cummins Highway,,Roslindale,MA,02131,617-325-7977,617-325-2260,"K,01,02,03,04,05,06,07,08"
Brookfield,00450000,Public School District,Superintendent,Erin Nosek,320 Brookfield Rd,,Fiskdale,MA,01518,508-347-3077,508-347-2697,"PK,K,01,02,03,04,05,06"
Brookline,00460000,Public School District,Superintendent,William Lupini,333 Washington Street,,Brookline,MA,02445,617-730-2403,617-730-2601,"PK,K,01,02,03,04,05,06,07,08,09,10,11,12"
Buckland (non-op),00470000,Public School District,Superintendent,Michael Buoniconti,24 Ashfield Rd,,Shelburne Falls,MA,01370,413-625-0192,413-625-0196,NA
Burlington,00480000,Public School District,Superintendent,Eric Conti,123 Cambridge Street,,Burlington,MA,01803,781-270-1801,781-270-1773,"PK,K,01,02,03,04,05,06,07,08,09,10,11,12"
Cambridge,00490000,Public School District,Superintendent,Jeffrey Young,159 Thorndike Street,,Cambridge,MA,02141,617-349-6494,617-349-6496,"PK,K,01,02,03,04,05,06,07,08,09,10,11,12"
Canton,00500000,Public School District,Superintendent,Jeffrey Granatino,960 Washington Street,,Canton,MA,02021,781-821-5060,781-575-6500,"PK,K,01,02,03,04,05,06,07,08,09,10,11,12"
Cape Cod Lighthouse Charter (District),04320000,Charter District,Charter School Leader,Paul Niles,195 Route 137,,Harwich,MA,02645,774-408-7994,774-237-9041,"06,07,08"
Cape Cod Regional Vocational Technical,08150000,Public School District,Superintendent,Robert Sanborn,351 Pleasant Lake Avenue,,Harwich,MA,02645,508-432-4500,508-432-7916,"09,10,11,12"
Carlisle,00510000,Public School District,Superintendent,Joan Wickman,83 School Street,,Carlisle,MA,01741,978-369-6550,978-371-2400,"PK,K,01,02,03,04,05,06,07,08"
Carver,00520000,Public School District,Superintendent,Elizabeth Sorrell,3 Carver Square Blvd.,,Carver,MA,02330,508-866-6160,508-866-2920,"PK,K,01,02,03,04,05,06,07,08,09,10,11,12"
Central Berkshire,06350000,Public School District,Superintendent,William Cameron,PO Box 299,,Dalton,MA,01227,413-684-0320,413-684-4088,"PK,K,01,02,03,04,05,06,07,08,09,10,11,12"
Charlemont (non-op),00530000,Public School District,Superintendent,Michael Buoniconti,24 Ashfield Rd,,Shelburne Falls,MA,01370,413-625-0192,413-625-0196,NA
Charlton (non-op),00540000,Public School District,Superintendent,Sean Gilrein,68 Dudley Oxford Road,,Dudley,MA,01571,508-943-6888,508-943-1077,NA
Chatham (Non-op),00550000,Public School District,Superintendent,Scott Carpenter,425 Crowell Rd,,Chatham,MA,02633,508-945-5130,508-945-5133,NA
Chelmsford,00560000,Public School District,Superintendent,Frank Tiano,230 North Road,,Chelmsford,MA,01824,978-251-5100,978-251-5110,"PK,K,01,02,03,04,05,06,07,08,09,10,11,12"
Chelsea,00570000,Public School District,Superintendent,Mary Bourque,500 Broadway Street,c/o City Hall Room 216,Chelsea,MA,02150,617-466-4477,617-889-8361,"PK,K,01,02,03,04,05,06,07,08,09,10,11,12"
Cheshire (non-op),00580000,Public School District,Superintendent,Alfred Skrocki,125 Savoy Road,,Cheshire,MA,01225,413-743-2939,413-743-4135,NA
Chester (non-op),00590000,Public School District,Superintendent,David Hopson,12 Littleville Road,,Huntington,MA,01050,413-685-1011,413-667-8739,NA
Chesterfield (non-op),00600000,Public School District,Superintendent,Craig Jurgensen,19 Stage Rd,,Westhampton,MA,01027,413-527-7200,413-529-9497,NA
Chesterfield-Goshen,06320000,Public School District,Superintendent,Craig Jurgensen,19 Stage Rd,,Westhampton,MA,01027,413-527-7200,413-529-9497,"PK,K,01,02,03,04,05,06"
Chicopee,00610000,Public School District,Superintendent,Richard Rege,180 Broadway Street,,Chicopee,MA,01020,413-594-3410,413-594-3552,"PK,K,01,02,03,04,05,06,07,08,09,10,11,12"
Chilmark (non-op),00620000,Public School District,Superintendent,James Weiss,4 Pine Street,,Vineyard Haven,MA,02568,508-693-2007,508-693-3190,NA
Christa McAuliffe Regional Charter Public (District),04180000,Charter District,Charter School Leader,Kristin Harrison,25 Clinton Street,,Framingham,MA,01702,508-879-9000,508-879-1066,"06,07,08"
City On A Hill Charter Public (District),04370000,Charter District,Charter School Leader,Erica Brown,58 Circuit Street,,Roxbury,MA,02119,617-445-1515,617-445-9153,"09,10,11,12"
City on a Hill Charter Public School II (District),35040000,Charter District,Charter School Leader,Erica Brown,18 Samoset Street,,Dorchester,MA,02124,617-516-5888,--,9
Clarksburg,00630000,Public School District,Superintendent,Jon Lev,777 West Crossroad,,Clarksburg,MA,01247,413-664-8735,413-664-8735,"K,01,02,03,04,05,06,07,08"
Clinton,00640000,Public School District,Superintendent,Terrance Ingano,150 School Street,,Clinton,MA,01510,978-365-4200,978-365-5037,"PK,K,01,02,03,04,05,06,07,08,09,10,11,12"
Codman Academy Charter Public (District),04380000,Charter District,Charter School Leader,Margaret Campbell,637 Washington Street,,Dorchester,MA,02124,617-287-0700,617-287-9064,"PK,K,09,10,11,12"
Cohasset,00650000,Public School District,Superintendent,Barbara Cataldo,143 Pond Street,,Cohasset,MA,02025,781-383-6112,781-383-6507,"PK,K,01,02,03,04,05,06,07,08,09,10,11,12"
Colrain (non-op),00660000,Public School District,Superintendent,Michael Buoniconti,24 Ashfield Rd,,Shelburne Falls,MA,01370,413-625-0192,413-625-0196,NA
Community Charter School of Cambridge (District),04360000,Charter District,Charter School Leader,Caleb Hurst-Hiller,245 Bent Street,,Cambridge,MA,02141,617-354-0047,617-354-3624,"07,08,09,10,11,12"
Community Day Charter Public School - Gateway (District),04260000,Charter District,Charter School Leader,Kennedy Hilario,190 Hampshire Street,,Lawrence,MA,01840,978-722-2538,978-682-1013,"PK,K,01,02"
Community Day Charter Public School - Prospect (District),04400000,Charter District,Charter School Leader,Kennedy Hilario,190 Hampshire Street,,Lawrence,MA,01840,978-722-2538,978-682-1013,"PK,K,01,02,03,04,05,06,07,08"
Community Day Charter Public School - R. Kingman Webster (District),04310000,Charter District,Charter School Leader,Kennedy Hilario,190 Hampshire Street,,Lawrence,MA,01840,978-722-2538,978-682-1013,"PK,K,01,02"
Concord,00670000,Public School District,Superintendent,Diana Rigby,120 Meriam Rd,,Concord,MA,01742,978-318-1500,978-318-1537,"PK,K,01,02,03,04,05,06,07,08"
Concord-Carlisle,06400000,Public School District,Superintendent,Diana Rigby,120 Meriam Rd,,Concord,MA,01742,978-341-2490,978-318-1537,"09,10,11,12"
Conservatory Lab Charter (District),04390000,Charter District,Charter School Leader,Diana Lam,25 Arlington Street,,Brighton,MA,02135,617-254-8904,617-254-8909,"PK,K,01,02,03,04,05,06,07"
Conway,00680000,Public School District,Superintendent,Martha Barrett,219 Christian Ln RFD1,,South Deerfield,MA,01373,413-665-1155,413-665-8506,"PK,K,01,02,03,04,05,06"
Cummington (non-op),00690000,Public School District,Superintendent,William Cameron,254 Hinsdale Road,Box 299,Dalton,MA,01227,413-684-0320,413-684-4088,NA
Dalton (non-op),00700000,Public School District,Superintendent,William Cameron,PO Box 299,,Dalton,MA,01227,413-684-0320,413-684-4088,NA
Danvers,00710000,Public School District,Superintendent,Lisa Dana,64 Cabot Road,,Danvers,MA,01923,978-777-4539,978-777-8931,"PK,K,01,02,03,04,05,06,07,08,09,10,11,12"
Dartmouth,00720000,Public School District,Superintendent,Ana Riley,8 Bush Street,,Dartmouth,MA,02748,508-997-3391,508-991-4184,"PK,K,01,02,03,04,05,06,07,08,09,10,11,12"
Dedham,00730000,Public School District,Superintendent,June Doe,100 Whiting Avenue,,Dedham,MA,02026,781-326-5622,781-320-0193,"PK,K,01,02,03,04,05,06,07,08,09,10,11,12"
Deerfield,00740000,Public School District,Superintendent,Martha Barrett,219 Christian Ln RFD1,,South Deerfield,MA,01373,413-665-1155,413-665-8506,"PK,K,01,02,03,04,05,06"
Dennis (non-op),00750000,Public School District,Superintendent,Carol Woodbury,296 Station Avenue,,South Yarmouth,MA,02664,508-398-7605,508-398-7622,NA
Dennis-Yarmouth,06450000,Public School District,Superintendent,Carol Woodbury,296 Station Avenue,,South Yarmouth,MA,02664,508-398-7600,508-398-7622,"PK,K,01,02,03,04,05,06,07,08,09,10,11,12"
Devens (non-op),03520000,Public School District,Superintendent,Joseph Connelly,270 Barnum Rd,,Devens,MA,01432,978-772-6340,978-772-7577,NA
Dighton (non-op),00760000,Public School District,Superintendent,Michael Malone,2700 Regional Road,,North Dighton,MA,02764,508-252-5000,508-252-5024,NA
Dighton-Rehoboth,06500000,Public School District,Superintendent,Michael Malone,2700 Regional Road,,North Dighton,MA,02764,508-252-5000,508-252-5024,"PK,K,01,02,03,04,05,06,07,08,09,10,11,12"
Dorchester Collegiate Academy Charter (District),04750000,Charter District,Charter School Leader,Robert Flynn,131 Hancock Street,,Dorchester,MA,02125,617-379-3027,--,"04,05,06,07,08"
Douglas,00770000,Public School District,Superintendent,Nancy Lane,21 Davis Street,,Douglas,MA,01516,508-476-7901,508-476-3719,"PK,K,01,02,03,04,05,06,07,08,09,10,11,12"
Dover,00780000,Public School District,Superintendent,Steven Bliss,157 Farm Street,,Dover,MA,02030,508-785-0036,508-785-2239,"K,01,02,03,04,05"
Dover-Sherborn,06550000,Public School District,Superintendent,Steven Bliss,157 Farm Street,,Dover,MA,02030,508-785-0036,508-785-2239,"06,07,08,09,10,11,12"
Dracut,00790000,Public School District,Superintendent,Steven Stone,2063 Lakeview Avenue,,Dracut,MA,01826,978-957-2660,978-957-2682,"PK,K,01,02,03,04,05,06,07,08,09,10,11,12"
Dudley (non-op),00800000,Public School District,Superintendent,Sean Gilrein,68 Dudley Oxford Road,,Dudley,MA,01571,508-943-6888,508-943-1077,NA
Dudley Street Neighborhood Charter School (District),04070000,Charter District,Charter School Leader,Christine Landry,6 Shirley Street,,Boston,MA,02119,617-635-8507,617-635-6320,"PK,K,01,02"
Dudley-Charlton Reg,06580000,Public School District,Superintendent,Sean Gilrein,68 Dudley Oxford Road,,Dudley,MA,01571,508-943-6888,508-943-1077,"PK,K,01,02,03,04,05,06,07,08,09,10,11,12"
Dunstable (non-op),00810000,Public School District,Superintendent,Anthony Bent,P O Box 729,,Groton,MA,01450,978-448-5505,978-448-9402,NA
Duxbury,00820000,Public School District,Superintendent,Benedict Tantillo,130 St. George Street,,Duxbury,MA,02332,781-934-7600,781-934-7644,"PK,K,01,02,03,04,05,06,07,08,09,10,11,12"
East Bridgewater,00830000,Public School District,Superintendent,John Moretti,143 Plymouth Street,,East Bridgewater,MA,02333,508-378-8200,508-378-8225,"PK,K,01,02,03,04,05,06,07,08,09,10,11,12"
East Brookfield (non-op),00840000,Public School District,Superintendent,Edward Malvey,306 Main Street,,Spencer,MA,01562,508-885-8500,508-885-8504,NA
East Longmeadow,00870000,Public School District,Superintendent,Gordon Smith,180 Maple Street,,East Longmeadow,MA,01028,413-525-5450,413-525-5456,"PK,K,01,02,03,04,05,06,07,08,09,10,11,12"
Eastham,00850000,Public School District,Superintendent,Richard Hoffmann,78 Eldredge Pkwy,,Orleans,MA,02653,508-255-8800,508-240-2351,"PK,K,01,02,03,04,05"
Easthampton,00860000,Public School District,Superintendent,Nancy Follansbee,50 Payson Avenue,Second Floor,Easthampton,MA,01027,413-529-1500,413-529-1567,"PK,K,01,02,03,04,05,06,07,08,09,10,11,12"
Easton,00880000,Public School District,Superintendent,Michael Green,PO Box 359,,North Easton,MA,02356,508-230-3200,508-238-3563,"PK,K,01,02,03,04,05,06,07,08,09,10,11,12"
Edgartown,00890000,Public School District,Superintendent,James Weiss,4 Pine Street,,Vineyard Haven,MA,02568,508-693-2007,508-693-3190,"PK,K,01,02,03,04,05,06,07,08"
Edward M. Kennedy Academy for Health Careers (Horace Mann Charter School),04520000,Charter District,Charter School Leader,Caren Walker Gregory,360 Huntington Avenue,c/o 102 Cahners Hall,Boston,MA,02115,617-373-8576,617-373-7850,"09,10,11,12"
Egremont (non-op),00900000,Public School District,Superintendent,David Hastings,PO Box 339,,Sheffield,MA,01257,413-229-8778,413-229-2913,NA
Erving,00910000,Public School District,Superintendent,Robert Mahler,18 Pleasant Street,,Erving,MA,01344,413-423-3337,413-423-3236,"PK,K,01,02,03,04,05,06"
Essex (non-op),00920000,Public School District,Superintendent,Marcia O'Neil,36 Lincoln Street,P. O. Box 1407,Manchester,MA,01944,978-526-4919,--,NA
Essex Agricultural Technical,09130000,Public School District,Superintendent,Joy White,PO BOX 362,,Hathorne,MA,01937,978-774-0050,978-774-6530,"09,10,11,12"
Everett,00930000,Public School District,Superintendent,Frederick Foresteire,121 Vine Street,,Everett,MA,02149,617-389-7950,617-394-2408,"PK,K,01,02,03,04,05,06,07,08,09,10,11,12"
Excel Academy Charter (District),04100000,Charter District,Charter School Leader,Owen Stearns,58 Moore Street,,East Boston,MA,02128,617-874-4080,617-516-1603,"05,06,07,08"
Excel Academy Charter School - Boston II (District),04590000,Charter District,Charter School Leader,Owen Stearns,1150 Saratoga Street,,East Boston,MA,02128,617-561-1371,617-963-7162,"05,06"
Excel Academy Charter School - Chelsea (District),04610000,Charter District,Charter School Leader,Owen Stearns,180 Second Street,,Chelsea,MA,02150,617-336-9970,617-516-9676,"05,06,07"
Fairhaven,00940000,Public School District,Superintendent,Robert Baldwin,128 Washington Street,,Fairhaven,MA,02719,508-979-4000,508-979-4149,"PK,K,01,02,03,04,05,06,07,08,09,10,11,12"
Fall River,00950000,Public School District,Superintendent,Margery Mayo-Brown,417 Rock Street,,Fall River,MA,02720,508-675-8420,508-675-8462,"PK,K,01,02,03,04,05,06,07,08,09,10,11,12"
Falmouth,00960000,Public School District,Superintendent,Bonny Gifford,340 Teaticket Hwy,,East Falmouth,MA,02536,508-548-0151,508-457-9032,"PK,K,01,02,03,04,05,06,07,08,09,10,11,12"
Farmington River Reg,06620000,Public School District,Superintendent,Joanne Austin,555 N Main Street,PO Box 679,Otis,MA,01253,413-269-4466,413-269-7659,"PK,K,01,02,03,04,05,06"
Fitchburg,00970000,Public School District,Superintendent,Andre Ravenelle,376 South Street,,Fitchburg,MA,01420,978-345-3200,978-348-2305,"PK,K,01,02,03,04,05,06,07,08,09,10,11,12"
Florida,00980000,Public School District,Superintendent,Jon Lev,56 North County Rd,,Florida,MA,01247,413-664-6023,413-663-3593,"PK,K,01,02,03,04,05,06,07,08"
Four Rivers Charter Public (District),04130000,Charter District,Charter School Leader,Peter Garbus,248 Colrain Road,,Greenfield,MA,01301,413-775-4577,413-775-4578,"07,08,09,10,11,12"
Foxborough,00990000,Public School District,Superintendent,Debra Spinelli,60 South Street,C/O Igo Administration Building,Foxborough,MA,02035,508-543-1660,508-543-4793,"PK,K,01,02,03,04,05,06,07,08,09,10,11,12"
Foxborough Regional Charter (District),04460000,Charter District,Charter School Leader,Mark Logan,131 Central Street,,Foxborough,MA,02035,508-543-2508,508-543-7982,"K,01,02,03,04,05,06,07,08,09,10,11,12"
Framingham,01000000,Public School District,Superintendent,Stacy Scott,454 Water Street,Office of the Superintendent,Framingham,MA,01701,508-626-9117,508-877-4240,"PK,K,01,02,03,04,05,06,07,08,09,10,11,12"
Francis W. Parker Charter Essential (District),04780000,Charter District,Charter School Leader,Todd Sumner,49 Antietam Street,,Devens,MA,01434,978-772-3293,978-772-3295,"07,08,09,10,11,12"
Franklin,01010000,Public School District,Superintendent,Maureen Sabolinski,355 East Central Street,,Franklin,MA,02038,508-541-5243,508-553-0321,"PK,K,01,02,03,04,05,06,07,08,09,10,11,12"
Franklin County Regional Vocational Technical,08180000,Public School District,Superintendent,James Laverty,82 Industrial Blvd,,Turners Falls,MA,01376,413-863-4239,413-863-2816,"09,10,11,12"
Freetown (non-op),01020000,Public School District,Superintendent,John McCarthy,98 Howland Rd,,Lakeville,MA,02347,508-923-2000,508-923-0934,NA
Freetown-Lakeville,06650000,Public School District,Superintendent,Kristine Nash,98 Howland Rd,,Lakeville,MA,02347,508-923-2000,508-923-0934,"PK,K,01,02,03,04,05,06,07,08,09,10,11,12"
Frontier,06700000,Public School District,Superintendent,Martha Barrett,219 Christian Ln RFD1,,South Deerfield,MA,01373,413-665-1155,413-665-8506,"07,08,09,10,11,12"
Gardner,01030000,Public School District,Superintendent,Carol Daring,70 Waterford Street,,Gardner,MA,01440,978-632-1000,978-632-1164,"PK,K,01,02,03,04,05,06,07,08,09,10,11,12"
Gateway,06720000,Public School District,Superintendent,David Hopson,12 Littleville Road,,Huntington,MA,01050,413-685-1000,413-667-8739,"PK,K,01,02,03,04,05,06,07,08,09,10,11,12"
Georgetown,01050000,Public School District,Superintendent,Carol Jacobs,51 North Street,,Georgetown,MA,01833,978-352-5777,978-352-5778,"PK,K,01,02,03,04,05,06,07,08,09,10,11,12"
Gill (non-op),01060000,Public School District,Superintendent,Michael Sullivan,35 Crocker Avenue,,Turners Falls,MA,01376,413-863-9324,413-863-4560,NA
Gill-Montague,06740000,Public School District,Superintendent,Michael Sullivan,35 Crocker Avenue,,Turners Falls,MA,01376,413-863-9324,413-863-4560,"PK,K,01,02,03,04,05,06,07,08,09,10,11,12"
Global Learning Charter Public (District),04960000,Charter District,Charter School Leader,Stephen Furtado,190 Ashley Boulevard,,New Bedford,MA,02746,508-991-4105,508-991-4110,"05,06,07,08,09,10,11,12"
Gloucester,01070000,Public School District,Superintendent,Richard Safier,6 School House Rd,,Gloucester,MA,01930,978-281-9800,978-281-9899,"PK,K,01,02,03,04,05,06,07,08,09,10,11,12"
Goshen (non-op),01080000,Public School District,Superintendent,Craig Jurgensen,19 Stage Rd,,Westhampton,MA,01027,413-527-7200,413-529-9497,NA
Gosnold,01090000,Public School District,Superintendent,Russell Latham,16 Williams Street,,Rehoboth,MA,02769,508-252-4272,508-252-4272,"03,04"
Grafton,01100000,Public School District,Superintendent,James Cummings,30 Providence Rd,,Grafton,MA,01519,508-839-5421,508-839-7618,"PK,K,01,02,03,04,05,06,07,08,09,10,11,12"
Granby,01110000,Public School District,Superintendent,Isabelina Rodriguez,387 East State Street,,Granby,MA,01033,413-467-7193,413-467-3909,"PK,K,01,02,03,04,05,06,07,08,09,10,11,12"
Granville (Non-op),01120000,Public School District,Superintendent,John Barry,86 Powder Mill Road,,Southwick,MA,01077,413-569-5391,413-569-1711,NA
Great Barrington (non-op),01130000,Public School District,Superintendent,Peter Dillon,207 Pleasant Street,PO Box 596,Housatonic,MA,01236,413-274-6400,--,NA
Greater Fall River Regional Vocational Technical,08210000,Public School District,Superintendent,Marta Montleon,251 Stonehaven Rd,,Fall River,MA,02723,508-678-2891,508-679-6423,"09,10,11,12"
Greater Lawrence Regional Vocational Technical,08230000,Public School District,Superintendent,John Lavoie,57 River Rd,,Andover,MA,01810,978-686-0194,978-687-6209,"09,10,11,12"
Greater Lowell Regional Vocational Technical,08280000,Public School District,Superintendent,Roger Bourgeois,250 Pawtucket Blvd,,Tyngsborough,MA,01879,978-441-4800,978-441-5353,"09,10,11,12"
Greater New Bedford Regional Vocational Technical,08250000,Public School District,Superintendent,Linda Enos,1121 Ashley Blvd,,New Bedford,MA,02745,508-998-3321,508-995-7268,"09,10,11,12"
Greenfield,01140000,Public School District,Superintendent,Susan Hollins,141 Davis Street,,Greenfield,MA,01301,413-772-1311,413-774-7940,"PK,K,01,02,03,04,05,06,07,08,09,10,11,12"
Groton (non-op),01150000,Public School District,Superintendent,Anthony Bent,P O Box 729,,Groton,MA,01450,978-448-5505,978-448-9402,NA
Groton-Dunstable,06730000,Public School District,Superintendent,Anthony Bent,P O Box 729,,Groton,MA,01450,978-448-5505,978-448-9402,"PK,K,01,02,03,04,05,06,07,08,09,10,11,12"
Groveland (non-op),01160000,Public School District,Superintendent,Jeffrey Mulqueen,22 Main Street,,West Newbury,MA,01985,617-363-2280,--,NA
Hadley,01170000,Public School District,Superintendent,Donna Moyer,125 Russell Street,,Hadley,MA,01035,413-586-0822,413-582-6453,"PK,K,01,02,03,04,05,06,07,08,09,10,11,12"
Halifax,01180000,Public School District,Superintendent,John Tuffy,250 Pembroke Street,,Kingston,MA,02364,781-585-4313,781-585-2994,"K,01,02,03,04,05,06"
Hamilton (non-op),01190000,Public School District,Superintendent,Michael Harvey,5 School Street,,Wenham,MA,01984,978-468-5310,978-468-7889,NA
Hamilton-Wenham,06750000,Public School District,Superintendent,Michael Harvey,5 School Street,,Wenham,MA,01984,978-468-5310,978-468-7889,"PK,K,01,02,03,04,05,06,07,08,09,10,11,12"
Hampden (non-op),01200000,Public School District,Superintendent,Maurice O'Shea,621 Main Street,,Wilbraham,MA,01095,413-596-3884,413-599-1328,NA
Hampden Charter School of Science (District),04990000,Charter District,Charter School Leader,Harun Celik,20 Johnson Road,,Chicopee,MA,01022,413-593-9090,413-294-2648,"06,07,08,09,10,11,12"
Hampden-Wilbraham,06800000,Public School District,Superintendent,Maurice O'Shea,621 Main Street,,Wilbraham,MA,01095,413-596-3884,413-599-1328,"PK,K,01,02,03,04,05,06,07,08,09,10,11,12"
Hampshire,06830000,Public School District,Superintendent,Craig Jurgensen,19 Stage Rd,,Westhampton,MA,01027,413-527-7200,413-529-9497,"07,08,09,10,11,12"
Hancock,01210000,Public School District,Superintendent,Barbara Ripa,1831 STATE ROAD,,RICHMOND,MA,01254,413-698-4001,413-698-4003,"PK,K,01,02,03,04,05,06"
Hanover,01220000,Public School District,Superintendent,Matthew Ferron,188 Broadway Street,,Hanover,MA,02339,781-878-0786,781-871-3374,"PK,K,01,02,03,04,05,06,07,08,09,10,11,12"
Hanson (non-op),01230000,Public School District,Superintendent,Ruth Gilbert-Whitner,610 Franklin Street,,Whitman,MA,02382,781-618-7412,781-618-7498,NA
Hardwick (non-op),01240000,Public School District,Superintendent,Maureen Marshall,PO Box 667,,Barre,MA,01005,978-355-4668,--,NA
Harvard,01250000,Public School District,Superintendent,Joseph Connelly,39 Massachusetts Avenue,,Harvard,MA,01451,978-456-4140,978-456-8592,"PK,K,01,02,03,04,05,06,07,08,09,10,11,12"
Harwich (Non-op),01260000,Public School District,Superintendent,Scott Carpenter,425 Crowell Rd,,Chatham,MA,02633,508-945-5130,508-945-5133,NA
Hatfield,01270000,Public School District,Superintendent,John Robert,34 School Street,,Hatfield,MA,01038,413-247-5641,413-247-0201,"PK,K,01,02,03,04,05,06,07,08,09,10,11,12"
Haverhill,01280000,Public School District,Superintendent,James Scully,4 Summer Street,,Haverhill,MA,01830,978-374-3405,978-373-1535,"PK,K,01,02,03,04,05,06,07,08,09,10,11,12"
Hawlemont,06850000,Public School District,Superintendent,Michael Buoniconti,24 Ashfield Rd,,Shelburne Falls,MA,01370,413-625-0192,413-625-0196,"PK,K,01,02,03,04,05,06"
Hawley (non-op),01290000,Public School District,Superintendent,Michael Buoniconti,24 Ashfield Rd,,Shelburne Falls,MA,01370,413-625-0192,413-625-0196,NA
Heath (non-op),01300000,Public School District,Superintendent,Michael Buoniconti,24 Ashfield Rd,,Shelburne Falls,MA,01370,413-625-0192,413-625-0196,NA
Hill View Montessori Charter Public (District),04550000,Charter District,Charter School Leader,Jeanne Schultz,75 Foundation Ave,Ward Hill Business Park,Haverhill,MA,01835,978-521-2616,978-521-2656,"K,01,02,03,04,05,06,07,08"
Hilltown Cooperative Charter Public (District),04500000,Charter District,Charter School Leader,Amy Aaron,132 Main Street,Box 147,Haydenville,MA,01039,413-268-3421,413-268-3185,"K,01,02,03,04,05,06,07,08"
Hingham,01310000,Public School District,Superintendent,Dorothy Galo,220 Central Street,,Hingham,MA,02043,781-741-1500,781-749-7457,"PK,K,01,02,03,04,05,06,07,08,09,10,11,12"
Hinsdale (non-op),01320000,Public School District,Superintendent,William Cameron,PO Box 299,,Dalton,MA,01227,413-684-0320,413-684-4088,NA
Holbrook,01330000,Public School District,Superintendent,Patricia Lally,245 So. Franklin Street,,Holbrook,MA,02343,781-767-1226,781-767-1312,"PK,K,01,02,03,04,05,06,07,08,09,10,11,12"
Holden (non-op),01340000,Public School District,Superintendent,Thomas Pandiscio,Jefferson School,1745 Main Street,Jefferson,MA,01522,508-829-1670,508-829-1680,NA
Holland,01350000,Public School District,Superintendent,Erin Nosek,320 Brookfield Rd,,Fiskdale,MA,01518,508-347-3077,508-347-2697,"PK,K,01,02,03,04,05,06"
Holliston,01360000,Public School District,Superintendent,Bradford Jackson,370 Hollis Street,,Holliston,MA,01746,508-429-0654,508-429-0653,"PK,K,01,02,03,04,05,06,07,08,09,10,11,12"
Holyoke,01370000,Public School District,Superintendent,Sergio Paez,57 Suffolk Street,,Holyoke,MA,01040,413-534-2005,413-534-2297,"PK,K,01,02,03,04,05,06,07,08,09,10,11,12"
Holyoke Community Charter (District),04530000,Charter District,Charter School Leader,Sonia Pope,2200 Northampton Street,,Holyoke,MA,01040,413-533-0111,413-536-5444,"K,01,02,03,04,05,06,07,08"
Hopedale,01380000,Public School District,Superintendent,Dennis Breen,25 Adin Street,,Hopedale,MA,01747,508-634-2220,508-478-1471,"PK,K,01,02,03,04,05,06,07,08,09,10,11,12"
Hopkinton,01390000,Public School District,Superintendent,Cathy MacLeod,89 Hayden Rowe Street,,Hopkinton,MA,01748,508-417-9360,508-497-9833,"PK,K,01,02,03,04,05,06,07,08,09,10,11,12"
Hubbardston (non-op),01400000,Public School District,Superintendent,Maureen Marshall,8 Elm Street,,Hubbardston,MA,01452,978-928-4487,--,NA
Hudson,01410000,Public School District,Superintendent,Kevin Lyons,155 Apsley Street,,Hudson,MA,01749,978-567-6100,978-567-6123,"PK,K,01,02,03,04,05,06,07,08,09,10,11,12"
Hull,01420000,Public School District,Superintendent,Kathleen Tyrell,180 Harborview Road,,Hull,MA,02045,781-925-4400,781-925-8042,"PK,K,01,02,03,04,05,06,07,08,09,10,11,12"
Huntington (non-op),01430000,Public School District,Superintendent,David Hopson,12 Littleville Road,,Huntington,MA,01050,413-685-1011,413-667-8739,NA
Innovation Academy Charter (District),04350000,Charter District,Charter School Leader,Gregory Orpen,72 Tyng Road,,Tyngsborough,MA,01879,978-649-0432,978-649-6337,"05,06,07,08,09,10,11,12"
Institutional Schools,03700000,Public School District,Superintendent,Mary Lou Chapman,75 Pleasant Street,,Malden,MA,02148,781-338-3305,781-338-3371,"01,02,03,04,05,06,07,08,09,10,11,12"
Ipswich,01440000,Public School District,Superintendent,William Hart,1 Lord Square,,Ipswich,MA,01938,978-356-2935,978-356-0445,"PK,K,01,02,03,04,05,06,07,08,09,10,11,12"
King Philip,06900000,Public School District,Superintendent,Elizabeth Zielinski,18 King Street,,Norfolk,MA,02056,508-520-7991,508-520-2044,"07,08,09,10,11,12"
Kingston,01450000,Public School District,Superintendent,John Tuffy,250 Pembroke Street,,Kingston,MA,02364,781-585-4313,781-585-2994,"K,01,02,03,04,05,06"
KIPP Academy Boston Charter School (District),04630000,Charter District,Charter School Leader,Caleb Dolan,90 High Rock St,,Lynn,MA,01902,617-238-7300,617-652-7461,"05,06"
KIPP Academy Lynn Charter (District),04290000,Charter District,Charter School Leader,Caleb Dolan,90 High Rock Street,,Lynn,MA,01902,781-598-1609,781-598-1639,"05,06,07,08,09,10,11"
Lakeville (non-op),01460000,Public School District,Superintendent,John McCarthy,98 Howland Rd,,Lakeville,MA,02347,508-923-2000,508-923-0934,NA
Lancaster (non-op),01470000,Public School District,Superintendent,Michael Wood,50 Mechanic Street,,Bolton,MA,01740,978-779-0539,978-779-6812,NA
Lanesborough,01480000,Public School District,Superintendent,Rose Ellis,1781 Cold Spring Road,,Williamstown,MA,01267,413-458-9582,413-458-2856,"K,01,02,03,04,05,06"
Lawrence,01490000,Public School District,Superintendent,Jeffrey Riley,255 Essex Street,,Lawrence,MA,01840,978-975-5900,978-722-8541,"PK,K,01,02,03,04,05,06,07,08,09,10,11,12"
Lawrence Family Development Charter (District),04540000,Charter District,Charter School Leader,Ralph Carrero,34 West Street,,Lawrence,MA,01841,978-689-9863,978-689-8133,"K,01,02,03,04,05,06,07,08"
Lee,01500000,Public School District,Superintendent,Alfred Skrocki,480 Pleasant Street,Suite B-200,Lee,MA,01238,413-243-0276,413-243-4995,"PK,K,01,02,03,04,05,06,07,08,09,10,11,12"
Leicester,01510000,Public School District,Superintendent,Bonnie Thibeault,1078 Main Street,,Leicester,MA,01524,508-892-7040,508-892-7043,"PK,K,01,02,03,04,05,06,07,08,09,10,11,12"
Lenox,01520000,Public School District,Superintendent,Edward Costa,6 Walker Street,,Lenox,MA,01240,413-637-5550,413-637-5559,"PK,K,01,02,03,04,05,06,07,08,09,10,11,12"
Leominster,01530000,Public School District,Superintendent,James Jolicoeur,24 Church Street,,Leominster,MA,01453,978-534-7700,978-534-7775,"PK,K,01,02,03,04,05,06,07,08,09,10,11,12"
Leverett,01540000,Public School District,Superintendent,Robert Mahler,18 Pleasant Street,,Erving,MA,01344,413-423-3337,413-423-3236,"PK,K,01,02,03,04,05,06"
Lexington,01550000,Public School District,Superintendent,Paul Ash,146 Maple Street,,Lexington,MA,02420,781-861-2550,781-863-5829,"PK,K,01,02,03,04,05,06,07,08,09,10,11,12"
Leyden (non-op),01560000,Public School District,Superintendent,Dayle Doiron,97 F Sumner Turner Rd,,Northfield,MA,01360,413-498-2911,413-498-0045,NA
Lincoln,01570000,Public School District,Superintendent,Rebecca McFall,1 Ballfield Road,,Lincoln,MA,01773,781-259-9409,781-259-9246,"PK,K,01,02,03,04,05,06,07,08"
Lincoln-Sudbury,06950000,Public School District,Superintendent,Bella Wong,390 Lincoln Rd,,Sudbury,MA,01776,978-443-9961,978-443-8824,"09,10,11,12"
Littleton,01580000,Public School District,Superintendent,Kelly Clenchy,PO Box 1486,,Littleton,MA,01460,978-540-2500,978-486-9581,"PK,K,01,02,03,04,05,06,07,08,09,10,11,12"
Longmeadow,01590000,Public School District,Superintendent,Marie Doyle,535 Bliss Road,,Longmeadow,MA,01106,413-565-4200,413-565-4215,"PK,K,01,02,03,04,05,06,07,08,09,10,11,12"
Lowell,01600000,Public School District,Superintendent,Jean Franco,43 Highland Street,,Lowell,MA,01852,978-674-4320,978-937-7609,"PK,K,01,02,03,04,05,06,07,08,09,10,11,12"
Lowell Collegiate Charter School,35030000,Charter District,Charter School Leader,Joseph Mccleary,25 Father John Sarantos Way,,Lowell,MA,01854,978-458-1399,--,"K,01,02,03"
Lowell Community Charter Public (District),04560000,Charter District,Charter School Leader,Kathy Egmont,206 Jackson Street,,Lowell,MA,01852,978-323-0800,978-323-4600,"K,01,02,03,04,05,06"
Lowell Middlesex Academy Charter (District),04580000,Charter District,Charter School Leader,Margaret McDevitt,67 Middle St,,Lowell,MA,01852,978-656-3165,978-459-0456,"09,10,11,12"
Ludlow,01610000,Public School District,Superintendent,Todd Gazda,63 Chestnut Street,,Ludlow,MA,01056,413-583-8372,413-583-5666,"PK,K,01,02,03,04,05,06,07,08,09,10,11,12"
Lunenburg,01620000,Public School District,Superintendent,Loxi Jo Calmes,1025 Mass Avenue,,Lunenburg,MA,01462,978-582-4100,978-582-4103,"PK,K,01,02,03,04,05,06,07,08,09,10,11,12"
Lynn,01630000,Public School District,Superintendent,Catherine Latham,100 Bennett St,,Lynn,MA,01905,781-593-1680,781-477-7487,"PK,K,01,02,03,04,05,06,07,08,09,10,11,12"
Lynnfield,01640000,Public School District,Superintendent,Thomas Jefferson,55 Summer Street,,Lynnfield,MA,01940,781-334-9200,781-334-9209,"PK,K,01,02,03,04,05,06,07,08,09,10,11,12"
Ma Academy for Math and Science,04680000,Public School District,Superintendent,Michael Barney,85 Prescott Street,,Worcester,MA,01605,508-831-5859,508-831-5880,"11,12"
Malden,01650000,Public School District,Superintendent,David De Ruosi,200 Pleasant Street,,Malden,MA,02148,781-397-7204,781-397-7276,"PK,K,01,02,03,04,05,06,07,08,09,10,11,12"
Manchester (non-op),01660000,Public School District,Superintendent,Marcia O'Neil,36 Lincoln Street,,Manchester,MA,01944,978-526-4919,978-526-7585,NA
Manchester Essex Regional,06980000,Public School District,Superintendent,Pamela Beaudoin,PO BOX 1407,,Manchester,MA,01944,978-526-4919,978-526-7585,"PK,K,01,02,03,04,05,06,07,08,09,10,11,12"
Mansfield,01670000,Public School District,Superintendent,Brenda Hodges,2 Park Row,,Mansfield,MA,02048,508-261-7500,508-261-7509,"PK,K,01,02,03,04,05,06,07,08,09,10,11,12"
Marblehead,01680000,Public School District,Superintendent,Maryann Perry,9 Widger Road,,Marblehead,MA,01945,781-639-3141,781-639-3149,"PK,K,01,02,03,04,05,06,07,08,09,10,11,12"
Marblehead Community Charter Public (District),04640000,Charter District,Charter School Leader,Helena Cullen-Hamzeh,17 Lime Street,,Marblehead,MA,01945,781-631-0777,781-631-0500,"04,05,06,07,08"
Marion,01690000,Public School District,Superintendent,Douglas White,135 Marion Rd,,Mattapoisett,MA,02739,508-758-2772,508-758-2802,"PK,K,01,02,03,04,05,06"
Marlborough,01700000,Public School District,Superintendent,Richard Langlois,17 Washington Street,,Marlborough,MA,01752,508-460-3509,508-485-1142,"PK,K,01,02,03,04,05,06,07,08,09,10,11,12"
Marshfield,01710000,Public School District,Superintendent,Scott Borstel,76 South River Street,,Marshfield,MA,02050,781-834-5000,781-834-5070,"PK,K,01,02,03,04,05,06,07,08,09,10,11,12"
Martha's Vineyard Charter (District),04660000,Charter District,Charter School Leader,Robert Moore,PO Box 1150,,West Tisbury,MA,02575,508-693-9900,508-696-9008,"K,01,02,03,04,05,06,07,08,09,10,11,12"
Marthas Vineyard,07000000,Public School District,Superintendent,James Weiss,4 Pine Street,,Vineyard Haven,MA,02568,508-693-2007,508-693-3190,"09,10,11,12"
Martin Luther King Jr. Charter School of Excellence (District),04920000,Charter District,Charter School Leader,Alan Katz,285 Dorset Street,,Springfield,MA,01108,413-214-7806,413-214-7838,"K,01,02,03,04,05"
Masconomet,07050000,Public School District,Superintendent,Darrell Lockwood,20 Endicott Rd,,Topsfield,MA,01983,978-887-2323,978-887-3573,"07,08,09,10,11,12"
Mashpee,01720000,Public School District,Superintendent,Brian Hyde,150-A Old Barnstable Road,,Mashpee,MA,02649,508-539-1500,508-477-5805,"PK,K,01,02,03,04,05,06,07,08,09,10,11,12"
Massachusetts Virtual Academy at Greenfield Commonwealth Virtual District,39010000,Public School District,Superintendent,Carl Tillona,141 Davis Street,,Greenfield,MA,01301,413-772-1311,413-772-1379,"K,01,02,03,04,05,06,07,08,09,10,11,12"
MATCH Charter Public School (District),04690000,Charter District,Charter School Leader,Michael Larsson,1001 Commonwealth Avenue,,Boston,MA,02215,617-232-0300,617-232-2838,"06,07,08,09,10,11,12"
MATCH Community Day Charter Public School (District),04650000,Charter District,Charter School Leader,Michael Larsson,86 Wachusett Street,,Jamaica Plain,MA,02130,617-983-0300,617-983-0332,"PK,K,01,02,03,04"
Mattapoisett,01730000,Public School District,Superintendent,Douglas White,135 Marion Rd,,Mattapoisett,MA,02739,508-758-2772,508-758-2802,"PK,K,01,02,03,04,05,06"
Maynard,01740000,Public School District,Superintendent,Robert Gerardi,12 Bancroft Street,,Maynard,MA,01754,978-897-2222,978-897-4610,"PK,K,01,02,03,04,05,06,07,08,09,10,11,12"
Medfield,01750000,Public School District,Superintendent,Jeffrey Marsden,459 Main St,3rd Fl,Medfield,MA,02052,508-359-2302,508-359-9829,"PK,K,01,02,03,04,05,06,07,08,09,10,11,12"
Medford,01760000,Public School District,Superintendent,Roy Belson,489 Winthrop Street,,Medford,MA,02155,781-393-2442,781-393-2322,"PK,K,01,02,03,04,05,06,07,08,09,10,11,12"
Medway,01770000,Public School District,Superintendent,Judith Evans,45 Holliston Street,,Medway,MA,02053,508-533-3222,508-533-3226,"PK,K,01,02,03,04,05,06,07,08,09,10,11,12"
Melrose,01780000,Public School District,Superintendent,Cyndy Taymore,360 Lynn Fells Pkwy,,Melrose,MA,02176,781-662-2000,781-979-2285,"PK,K,01,02,03,04,05,06,07,08,09,10,11,12"
Mendon (non-op),01790000,Public School District,Superintendent,Joseph Maruszczak,"150 North Ave, POB 5",,Mendon,MA,01756,508-634-1585,508-634-1582,NA
Mendon-Upton,07100000,Public School District,Superintendent,Joseph Maruszczak,150 North Ave,,Mendon,MA,01756,508-634-1585,508-634-1582,"PK,K,01,02,03,04,05,06,07,08,09,10,11,12"
Merrimac (non-op),01800000,Public School District,Superintendent,Jeffrey Mulqueen,22 Main Street,,West Newbury,MA,01985,978-363-2280,978-363-1165,NA
Methuen,01810000,Public School District,Superintendent,Judith Scannell,90 Hampshire St,,Methuen,MA,01844,978-722-6001,978-722-6002,"PK,K,01,02,03,04,05,06,07,08,09,10,11,12"
Middleborough,01820000,Public School District,Superintendent,Roseli Weiss,30 Forest Street,,Middleborough,MA,02346,508-946-2000,508-946-2004,"PK,K,01,02,03,04,05,06,07,08,09,10,11,12"
Middlefield (non-op),01830000,Public School District,Superintendent,David Hopson,12 Littleville Road,,Huntington,MA,01050,413-685-1011,413-667-8739,NA
Middleton,01840000,Public School District,Superintendent,Bernard Creeden,28 Middleton Road,,Boxford,MA,01921,978-887-0771,978-887-8042,"PK,K,01,02,03,04,05,06"
Milford,01850000,Public School District,Superintendent,Robert Tremblay,31 West Fountain Street,,Milford,MA,01757,508-478-1101,508-478-1459,"PK,K,01,02,03,04,05,06,07,08,09,10,11,12"
Millbury,01860000,Public School District,Superintendent,Susan Hitchcock,12 Martin Street,,Millbury,MA,01527,508-865-9501,508-865-0888,"PK,K,01,02,03,04,05,06,07,08,09,10,11,12"
Millis,01870000,Public School District,Superintendent,Nancy Gustafson,245 Plain Street,Central Office,Millis,MA,02054,508-376-7000,508-376-7020,"PK,K,01,02,03,04,05,06,07,08,09,10,11,12"
Millville (non-op),01880000,Public School District,Superintendent,Perry Davis,175 Lincoln Street,,Blackstone,MA,01504,508-883-4400,508-883-9892,NA
Milton,01890000,Public School District,Superintendent,Mary Gormley,25 Gile Road,,Milton,MA,02186,617-696-4808,617-696-5099,"PK,K,01,02,03,04,05,06,07,08,09,10,11,12"
Minuteman Regional Vocational Technical,08300000,Public School District,Superintendent,Edward Bouquillon,758 Marrett Rd,,Lexington,MA,02421,781-861-6500,781-863-1747,"09,10,11,12"
Mohawk Trail,07170000,Public School District,Superintendent,Michael Buoniconti,24 Ashfield Rd,,Shelburne Falls,MA,01370,413-625-0192,413-625-0196,"PK,K,01,02,03,04,05,06,07,08,09,10,11,12"
Monomoy Regional School District,07120000,Public School District,Superintendent,Scott Carpenter,425 Crowell Rd,,Chatham,MA,02633,508-945-5130,508-945-5133,"PK,K,01,02,03,04,05,06,07,08,09,10,11,12"
Monroe (non-op),01900000,Public School District,Superintendent,Jon Lev,98 Church Street,,North Adams,MA,01247,413-664-9292,413-664-9942,NA
Monson,01910000,Public School District,Superintendent,Cheryl Clarke,P O Box 159,,Monson,MA,01057,413-267-4150,413-267-9168,"PK,K,01,02,03,04,05,06,07,08,09,10,11,12"
Montachusett Regional Vocational Technical,08320000,Public School District,Superintendent,Steven Sharek,1050 Westminster Street,,Fitchburg,MA,01420,978-345-9200,978-345-9165,"09,10,11,12"
Montague (non-op),01920000,Public School District,Superintendent,Michael Sullivan,35 Crocker Avenue,,Turners Falls,MA,01376,413-863-9324,413-863-4560,NA
Monterey (non-op),01930000,Public School District,Superintendent,David Hastings,PO Box 339,,Sheffield,MA,01257,413-229-8778,413-229-2913,NA
Montgomery (non-op),01940000,Public School District,Superintendent,David Hopson,12 Littleville Road,,Huntington,MA,01050,413-685-1011,413-667-8739,NA
Mount Greylock,07150000,Public School District,Superintendent,Rose Ellis,1781 Cold Spring Rd,,Williamstown,MA,01267,413-458-9582,413-458-2856,"07,08,09,10,11,12"
Mount Washington (non-op),01950000,Public School District,Superintendent,Leslieann Furcht,118 East Street,,Mt Washington,MA,01258,413-528-2839,--,NA
Mystic Valley Regional Charter (District),04700000,Charter District,Charter School Leader,Martin Trice,770 Salem Street,,Malden,MA,02148,781-388-0222,781-321-5688,"K,01,02,03,04,05,06,07,08,09,10,11,12"
Nahant,01960000,Public School District,Superintendent,Philip Devaux,290 Castle Road,,Nahant,MA,01908,781-581-1600,781-581-0440,"PK,K,01,02,03,04,05,06"
Nantucket,01970000,Public School District,Superintendent,William Cozort,10 Surfside Road,,Nantucket,MA,02554,508-228-7285,508-325-5318,"PK,K,01,02,03,04,05,06,07,08,09,10,11,12"
Narragansett,07200000,Public School District,Superintendent,Ruth Miller,462 Baldwinville Road,,Baldwinville,MA,01436,978-939-5661,978-939-5179,"PK,K,01,02,03,04,05,06,07,08,09,10,11,12"
Nashoba,07250000,Public School District,Superintendent,Michael Wood,50 Mechanic Street,,Bolton,MA,01740,978-779-0539,978-779-5537,"PK,K,01,02,03,04,05,06,07,08,09,10,11,12"
Nashoba Valley Regional Vocational Technical,08520000,Public School District,Superintendent,Judith Klimkiewicz,100 Littleton Road,,Westford,MA,01886,978-692-4711,978-392-0570,"09,10,11,12"
Natick,01980000,Public School District,Superintendent,Peter Sanchioni,13 East Central Street,,Natick,MA,01760,508-647-6500,508-647-6506,"PK,K,01,02,03,04,05,06,07,08,09,10,11,12"
Nauset,06600000,Public School District,Superintendent,Richard Hoffmann,78 Eldredge Pkwy,,Orleans,MA,02653,508-255-8800,508-240-2351,"06,07,08,09,10,11,12"
Needham,01990000,Public School District,Superintendent,Daniel Gutekanst,1330 Highland Avenue,,Needham,MA,02492,781-455-0400,781-455-0417,"PK,K,01,02,03,04,05,06,07,08,09,10,11,12"
Neighborhood House Charter (District),04440000,Charter District,Charter School Leader,Kate Scott,21 Queen Street,,Dorchester,MA,02122,617-825-0703,617-825-1829,"PK,K,01,02,03,04,05,06,07,08"
New Ashford (non-op),02000000,Public School District,Superintendent,Barbara Ripa,1831 STATE ROAD,,RICHMOND,MA,01254,413-698-4001,413-698-4003,NA
New Bedford,02010000,Public School District,Superintendent,Pia Durkin,455 County Street,C/O Paul Rodrigues Administration Bldg.,New Bedford,MA,02740,508-997-4511,508-997-0298,"PK,K,01,02,03,04,05,06,07,08,09,10,11,12"
New Braintree (non-op),02020000,Public School District,Superintendent,Maureen Marshall,15 Memorial Drive,,New Braintree,MA,01531,978-355-4668,--,NA
New Marlborough (non-op),02050000,Public School District,Superintendent,David Hastings,PO Box 339,,Sheffield,MA,01257,413-229-8778,413-229-2913,NA
New Salem (non-op),02060000,Public School District,Superintendent,Robert Mahler,18 Pleasant Street,,Erving,MA,01344,413-423-3337,413-423-3236,NA
New Salem-Wendell,07280000,Public School District,Superintendent,Robert Mahler,18 Pleasant Street,,Erving,MA,01344,413-423-3337,413-423-3236,"PK,K,01,02,03,04,05,06"
Newbury (non-op),02030000,Public School District,Superintendent,Christopher Farmer,112 Elm Street,,Byfield,MA,01922,978-465-2397,978-465-8599,NA
Newburyport,02040000,Public School District,Superintendent,Susan Viccaro,70 Low Street,,Newburyport,MA,01950,978-465-4457,978-462-3495,"PK,K,01,02,03,04,05,06,07,08,09,10,11,12"
Newton,02070000,Public School District,Superintendent,David Fleishman,100 Walnut Street,,Newtonville,MA,02460,617-559-6100,617-559-6101,"PK,K,01,02,03,04,05,06,07,08,09,10,11,12"
Norfolk,02080000,Public School District,Superintendent,Ingrid Allardi,70 Boardman Street,,Norfolk,MA,02056,508-528-1225,508-528-3739,"PK,K,01,02,03,04,05,06"
Norfolk County Agricultural,09150000,Public School District,Superintendent,Suzanne Green,400 Main Street,,Walpole,MA,02081,508-668-0268,508-668-0612,"09,10,11,12"
North Adams,02090000,Public School District,Superintendent,James Montepare,191 East Main Street,Ste 1,North Adams,MA,01247,413-662-3225,413-662-3212,"PK,K,01,02,03,04,05,06,07,08,09,10,11,12"
North Andover,02110000,Public School District,Superintendent,Kevin Hutchinson,1600 Osgood Street,Suite 3-59,North Andover,MA,01845,978-794-1503,978-794-0231,"PK,K,01,02,03,04,05,06,07,08,09,10,11,12"
North Attleborough,02120000,Public School District,Superintendent,Suzan Cullen,6 Morse Street,,No. Attleborough,MA,02760,508-643-2100,508-643-2110,"PK,K,01,02,03,04,05,06,07,08,09,10,11,12"
North Brookfield,02150000,Public School District,Superintendent,John Provost,10 New School Drive,,North Brookfield,MA,01535,508-867-9821,508-867-8148,"PK,K,01,02,03,04,05,06,07,08,09,10,11,12"
North Central Charter Essential (District),04740000,Charter District,Charter School Leader,Stephanie Davolos,171 South Street,,Fitchburg,MA,01420,978-345-2701,978-345-9127,"07,08,09,10,11,12"
North Middlesex,07350000,Public School District,Superintendent,Joan Landers,45 Main Street,,Pepperell,MA,01463,978-597-8713,978-597-6534,"PK,K,01,02,03,04,05,06,07,08,09,10,11,12"
North Reading,02170000,Public School District,Superintendent,Kathleen Willis,0 Sherman Road,,North Reading,MA,01864,978-664-7810,978-664-0252,"PK,K,01,02,03,04,05,06,07,08,09,10,11,12"
North Shore Regional Vocational Technical,08540000,Public School District,Superintendent,Daniel O'Connell,30 Log Bridge Road,PO Box 806,Middleton,MA,01949,978-762-0001,978-777-8403,"09,10,11,12"
Northampton,02100000,Public School District,Superintendent,Regina Nash,212 Main Street,,Northampton,MA,01060,413-587-1315,413-587-1318,"PK,K,01,02,03,04,05,06,07,08,09,10,11,12"
Northampton-Smith Vocational Agricultural,04060000,Public School District,Superintendent,Jeffrey Peterson,80 Locust Street,,Northampton,MA,01060,413-587-1414,413-587-1405,"09,10,11,12"
Northboro-Southboro,07300000,Public School District,Superintendent,Charles Gobron,53 Parkerville Road,,Southborough,MA,01772,508-486-5115,508-486-5123,"09,10,11,12"
Northborough,02130000,Public School District,Superintendent,Charles Gobron,53 Parkerville Road,,Southborough,MA,01772,508-486-5115,508-486-5123,"PK,K,01,02,03,04,05,06,07,08"
Northbridge,02140000,Public School District,Superintendent,Nancy Spitulnik,87 Linwood Avenue,,Whitinsville,MA,01588,508-234-8156,508-234-8469,"PK,K,01,02,03,04,05,06,07,08,09,10,11,12"
Northeast Metropolitan Regional Vocational Technical,08530000,Public School District,Superintendent,Theodore Nickole,100 Hemlock Rd,,Wakefield,MA,01880,781-246-0810,781-246-4919,"09,10,11,12"
Northern Berkshire Regional Vocational Technical,08510000,Public School District,Superintendent,James Brosnan,70 Hodges Cross Rd,,North Adams,MA,01247,413-663-5383,413-664-9424,"09,10,11,12"
Northfield (non-op),02160000,Public School District,Superintendent,Dayle Doiron,97 F Sumner Turner Rd,,Northfield,MA,01360,413-498-2911,413-498-0045,NA
Norton,02180000,Public School District,Superintendent,Joseph Baeta,64 West Main Street,,Norton,MA,02766,508-285-0100,508-285-0199,"PK,K,01,02,03,04,05,06,07,08,09,10,11,12"
Norwell,02190000,Public School District,Superintendent,Matthew Keegan,322 Main Street,,Norwell,MA,02061,781-659-8800,781-659-8805,"PK,K,01,02,03,04,05,06,07,08,09,10,11,12"
Norwood,02200000,Public School District,Superintendent,James Hayden,275 Prospect Street,PO BOX 67,Norwood,MA,02062,781-762-6804,781-762-0229,"PK,K,01,02,03,04,05,06,07,08,09,10,11,12"
Oak Bluffs,02210000,Public School District,Superintendent,James Weiss,4 Pine Street,,Vineyard Haven,MA,02568,508-693-2007,508-693-3190,"PK,K,01,02,03,04,05,06,07,08"
Oakham (non-op),02220000,Public School District,Superintendent,Maureen Marshall,1 Deacon Allen Drive,PO Box 99,Oakham,MA,01068,978-355-4668,--,NA
Old Colony Regional Vocational Technical,08550000,Public School District,Superintendent,Gary Brown,476 North Avenue,,Rochester,MA,02770,508-763-8011,508-763-9821,"09,10,11,12"
Old Rochester,07400000,Public School District,Superintendent,Douglas White,135 Marion Rd,,Mattapoisett,MA,02739,508-758-2772,508-758-2802,"07,08,09,10,11,12"
Orange,02230000,Public School District,Superintendent,Tari Thomas,507 S. Main Street,,Orange,MA,01364,978-544-2920,978-544-8383,"PK,K,01,02,03,04,05,06"
Orleans,02240000,Public School District,Superintendent,Richard Hoffmann,78 Eldredge Pkwy,,Orleans,MA,02653,508-255-8800,508-240-2351,"K,01,02,03,04,05"
Otis (non-op),02250000,Public School District,Superintendent,Joanne Austin,"555 N Main, POB 679",,Otis,MA,01253,413-269-4466,413-269-7659,NA
Oxford,02260000,Public School District,Superintendent,Allen Himmelberger,4 Maple Road,,Oxford,MA,01540,508-987-6050,508-987-6054,"PK,K,01,02,03,04,05,06,07,08,09,10,11,12"
Palmer,02270000,Public School District,Superintendent,Thomas Charko,24 Converse Street,c/o Suite 1,Palmer,MA,01069,413-283-2650,413-283-2655,"PK,K,01,02,03,04,05,06,07,08,09,10,11,12"
Pathfinder Regional Vocational Technical,08600000,Public School District,Superintendent,Gerald Paist,240 Sykes Street,,Palmer,MA,01069,413-283-9701,413-284-0032,"09,10,11,12"
Paulo Freire Social Justice Charter School (District),35010000,Charter District,Charter School Leader,Bob Brick,161 Lower Westfield ROad,,Holyoke,MA,01040,413-536-3201,413-536-3206,"09,10"
Paxton (non-op),02280000,Public School District,Superintendent,Thomas Pandiscio,1745 Main Street,,Jefferson,MA,01522,508-829-1670,508-829-1680,NA
Peabody,02290000,Public School District,Superintendent,Joseph Mastrocola,21 Johnson Street,,Peabody,MA,01960,978-536-6500,978-536-6590,"PK,K,01,02,03,04,05,06,07,08,09,10,11,12"
Pelham,02300000,Public School District,Superintendent,Maria Geryk,170 Chestnut Street,Business Office,Amherst,MA,01002,413-362-1810,413-549-6108,"K,01,02,03,04,05,06"
Pembroke,02310000,Public School District,Superintendent,Frank Hackett,72 Pilgrim Road,Office of the Superintendent,Pembroke,MA,02359,781-829-1178,781-826-1182,"PK,K,01,02,03,04,05,06,07,08,09,10,11,12"
Pentucket,07450000,Public School District,Superintendent,Jeffrey Mulqueen,22 Main Street,,West Newbury,MA,01985,978-363-2280,978-363-1165,"PK,K,01,02,03,04,05,06,07,08,09,10,11,12"
Pepperell (non-op),02320000,Public School District,Superintendent,Maureen Marshall,23 Main Street,,Townsend,MA,01469,978-597-8713,978-597-6534,NA
Peru (non-op),02330000,Public School District,Superintendent,William Cameron,PO Box 299,,Dalton,MA,01227,413-684-0320,413-684-4088,NA
Petersham,02340000,Public School District,Superintendent,Tari Thomas,P O Box 148,,Petersham,MA,01366,978-724-3363,978-724-6687,"K,01,02,03,04,05,06"
Phillipston (non-op),02350000,Public School District,Superintendent,Ruth Miller,462 Baldwinville Road,,Baldwinville,MA,01436,978-939-5661,978-939-5179,NA
Phoenix Charter Academy (District),04930000,Charter District,Charter School Leader,Beth Anderson,59 Nichols St,,Chelsea,MA,02150,617-889-3100,617-889-3144,"09,10,11,12"
Pioneer Charter School of Science (District),04940000,Charter District,Charter School Leader,Barish Icin,51-59 Summer Street,,Everett,MA,02149,617-389-7277,617-389-7278,"07,08,09,10,11,12"
Pioneer Charter School of Science II (PCSS-II) (District),35060000,Charter District,Charter School Leader,Barish Icin,51 Summer Street,,Everett,MA,02149,617-389-7277,--,"07,08,09"
Pioneer Valley,07500000,Public School District,Superintendent,Dayle Doiron,97 F Sumner Turner Rd,,Northfield,MA,01360,413-498-2911,413-498-0045,"PK,K,01,02,03,04,05,06,07,08,09,10,11,12"
Pioneer Valley Chinese Immersion Charter(District),04970000,Charter District,Charter School Leader,Kathleen Wang,317 Russell Street,,Hadley,MA,01035,413-582-7040,413-582-7068,"K,01,02,03,04,05,06,07,08,09"
Pioneer Valley Performing Arts Charter Public (District),04790000,Charter District,Charter School Leader,Scott Goldman,15 Mulligan Drive,,South Hadley,MA,01075,413-552-1580,413-552-1594,"07,08,09,10,11,12"
Pittsfield,02360000,Public School District,Superintendent,Jason Mccandless,269 First Street,,Pittsfield,MA,01201,413-499-9512,413-448-2643,"PK,K,01,02,03,04,05,06,07,08,09,10,11,12"
Plainfield (non-op),02370000,Public School District,Superintendent,Michael Buoniconti,24 Ashfield Rd,,Shelburne Falls,MA,01370,413-625-0192,413-625-0196,NA
Plainville,02380000,Public School District,Superintendent,David Raiche,68 Messenger Street,,Plainville,MA,02762,508-699-1300,508-699-1302,"PK,K,01,02,03,04,05,06"
Plymouth,02390000,Public School District,Superintendent,Gary Maestas,253 South Meadow Rd,,Plymouth,MA,02360,508-830-4300,508-746-1873,"PK,K,01,02,03,04,05,06,07,08,09,10,11,12"
Plympton,02400000,Public School District,Superintendent,John Tuffy,250 Pembroke Street,,Kingston,MA,02364,781-585-4313,781-585-2994,"K,01,02,03,04,05,06"
Princeton (non-op),02410000,Public School District,Superintendent,Thomas Pandiscio,1745 Main Street,,Jefferson,MA,01522,508-829-1670,508-829-1680,NA
Prospect Hill Academy Charter (District),04870000,Charter District,Charter School Leader,Michael O'Donnell,50 Essex Street,,Cambridge,MA,02139,617-284-7800,617-284-7980,"K,01,02,03,04,05,06,07,08,09,10,11,12"
Provincetown,02420000,Public School District,Superintendent,Beth Singer,12 Winslow Street,,Provincetown,MA,02657,508-487-5000,508-487-5098,"PK,K,01,02,03,04,05,06,07,08"
Quabbin,07530000,Public School District,Superintendent,Maureen Marshall,872 South Street,,Barre,MA,01005,978-355-4668,978-355-6756,"PK,K,01,02,03,04,05,06,07,08,09,10,11,12"
Quaboag Regional,07780000,Public School District,Superintendent,Brett Kustigian,284 Old West Brookfield Road,PO Box 1538,Warren,MA,01083,413-436-9256,413-436-9738,"PK,K,01,02,03,04,05,06,07,08,09,10,11,12"
Quincy,02430000,Public School District,Superintendent,Richard Decristofaro,159 Burgin Parkway,,Quincy,MA,02169,617-984-8700,617-984-8965,"PK,K,01,02,03,04,05,06,07,08,09,10,11,12"
Ralph C Mahar,07550000,Public School District,Superintendent,Tari Thomas,507 South Main Street,,Orange,MA,01364,978-544-2920,978-544-8383,"07,08,09,10,11,12"
Randolph,02440000,Public School District,Superintendent,Steven Moore,40 Highland Avenue,,Randolph,MA,02368,781-961-6205,781-961-6295,"PK,K,01,02,03,04,05,06,07,08,09,10,11,12"
Raynham (non-op),02450000,Public School District,Superintendent,Jacqueline Forbes,166 Mt. Prospect Street,,Bridgewater,MA,02324,508-279-2140,508-697-7012,NA
Reading,02460000,Public School District,Superintendent,John Doherty,82 Oakland Road,,Reading,MA,01867,781-944-5800,781-942-9149,"PK,K,01,02,03,04,05,06,07,08,09,10,11,12"
Rehoboth (non-op),02470000,Public School District,Superintendent,Jennifer Elineema,2700 Regional Road,,North Dighton,MA,02764,508-252-5000,508-252-5024,NA
Revere,02480000,Public School District,Superintendent,Paul Dakin,101 School Street,,Revere,MA,02151,781-286-8226,781-286-8221,"PK,K,01,02,03,04,05,06,07,08,09,10,11,12"
Richmond,02490000,Public School District,Superintendent,Barbara Ripa,1831 State Road,,Richmond,MA,01254,413-698-2207,413-698-4003,"PK,K,01,02,03,04,05,06,07,08"
Rising Tide Charter Public (District),04830000,Charter District,Charter School Leader,Jill Crafts,6 Resnik Road,,Plymouth,MA,02360,508-747-2620,508-830-9441,"05,06,07,08,09,10,11"
River Valley Charter (District),04820000,Charter District,Charter School Leader,Andrew Willemsen,2 Perry Way,,Newburyport,MA,01950,978-465-0065,978-465-0119,"K,01,02,03,04,05,06,07,08"
Rochester,02500000,Public School District,Superintendent,Douglas White,135 Marion Rd,,Mattapoisett,MA,02739,508-758-2772,508-758-2802,"PK,K,01,02,03,04,05,06"
Rockland,02510000,Public School District,Superintendent,John Retchless,34 MacKinlay Way,,Rockland,MA,02370,781-878-3893,781-982-1483,"PK,K,01,02,03,04,05,06,07,08,09,10,11,12"
Rockport,02520000,Public School District,Superintendent,Robert Liebow,24 Jerdens Lane,c/o Rockport Public Schools,Rockport,MA,01966,978-546-1200,978-546-1205,"PK,K,01,02,03,04,05,06,07,08,09,10,11,12"
Rowe,02530000,Public School District,Superintendent,Michael Buoniconti,24 Ashfield Rd,,Shelburne Falls,MA,01370,413-625-0192,413-625-0196,"PK,K,01,02,03,04,05,06"
Rowley (non-op),02540000,Public School District,Superintendent,Christopher Farmer,112 Elm Street,,Byfield,MA,01922,978-465-2397,978-465-8599,NA
Roxbury Preparatory Charter (District),04840000,Charter District,Charter School Leader,Will Austin,120 Fisher Avenue,,Roxbury,MA,02120,617-566-2361,617-566-2373,"05,06,07,08"
Royalston (non-op),02550000,Public School District,Superintendent,Anthony Polito,250 South Main Street,,Athol,MA,01331,978-249-2400,978-249-2402,NA
Russell (non-op),02560000,Public School District,Superintendent,David Hopson,12 Littleville Road,,Huntington,MA,01050,413-685-1011,413-667-8739,NA
Rutland (non-op),02570000,Public School District,Superintendent,Thomas Pandiscio,1745 Main Street,,Jefferson,MA,01522,508-829-1670,508-829-1680,NA
Sabis International Charter (District),04410000,Charter District,Charter School Leader,Karen Reuter,160 Joan Street,,Springfield,MA,01129,413-783-2600,413-783-2555,"K,01,02,03,04,05,06,07,08,09,10,11,12"
Salem,02580000,Public School District,Superintendent,Stephen Russell,29 Highland Avenue,,Salem,MA,01970,978-740-1212,978-740-3083,"PK,K,01,02,03,04,05,06,07,08,09,10,11,12"
Salem Academy Charter (District),04850000,Charter District,Charter School Leader,Sean O'Neil,45 Congress Street,c/o Shetland Pk,Salem,MA,01970,978-744-2105,978-744-7246,"06,07,08,09,10,11,12"
Salem Community Charter School (District),04670000,Charter District,Charter School Leader,Jessica Yurwitz,1 Museum Place Mall,Suite 121,Salem,MA,01970,978-825-3470,978-825-3475,"09,10,11,12"
Salisbury (non-op),02590000,Public School District,Superintendent,Christopher Farmer,112 Elm Street,,Byfield,MA,01922,978-465-2397,978-465-8599,NA
Sandisfield (non-op),02600000,Public School District,Superintendent,Joanne Austin,"555 N Main, POB 679",,Otis,MA,01253,413-269-4466,413-269-7659,NA
Sandwich,02610000,Public School District,Superintendent,Richard Canfield,260 Quaker Meetinghouse Road,,East Sandwich,MA,02537,508-888-1054,508-888-9505,"PK,K,01,02,03,04,05,06,07,08,09,10,11,12"
Saugus,02620000,Public School District,Superintendent,Michael Tempesta,23 Main Street,,Saugus,MA,01906,781-231-5000,781-233-9424,"PK,K,01,02,03,04,05,06,07,08,09,10,11,12"
Savoy,02630000,Public School District,Superintendent,Jon Lev,26 Chapel Road,,Savoy,MA,01256,413-743-1992,413-743-1114,"PK,K,01,02,03,04,05"
Scituate,02640000,Public School District,Superintendent,John McCarthy,606 C J Cushing Hwy,,Scituate,MA,02066,781-545-8759,781-545-6291,"PK,K,01,02,03,04,05,06,07,08,09,10,11,12"
Seekonk,02650000,Public School District,Superintendent,Arlene Bosco,25 Water Lane,,Seekonk,MA,02771,508-399-5106,508-399-5128,"PK,K,01,02,03,04,05,06,07,08,09,10,11,12"
Seven Hills Charter Public (District),04860000,Charter District,Charter School Leader,Krista Piazza,51 Gage Street,,Worcester,MA,01605,508-799-7500,508-753-9679,"K,01,02,03,04,05,06,07,08"
Sharon,02660000,Public School District,Superintendent,Timothy Farmer,75 Mountain Street,,Sharon,MA,02067,781-784-1570,781-784-1573,"PK,K,01,02,03,04,05,06,07,08,09,10,11,12"
Shawsheen Valley Regional Vocational Technical,08710000,Public School District,Superintendent,Charles Lyons,100 Cook Street,,Billerica,MA,01821,978-667-2111,978-663-6272,"09,10,11,12"
Sheffield (non-op),02670000,Public School District,Superintendent,David Hastings,491 Berkshire School Road,P. O. Box 339,Sheffield,MA,01257,413-229-8778,413-229-2913,NA
Shelburne (non-op),02680000,Public School District,Superintendent,Michael Buoniconti,24 Ashfield Rd,,Shelburne Falls,MA,01370,413-625-0192,413-625-0196,NA
Sherborn,02690000,Public School District,Superintendent,Steven Bliss,157 Farm Street,,Dover,MA,02030,508-785-0036,508-785-2239,"PK,K,01,02,03,04,05"
Shirley (non-op),02700000,Public School District,Superintendent,Malcolm Reid,34 Lancaster Rd,,Shirley,MA,01464,978-425-2630,978-425-0766,NA
Shrewsbury,02710000,Public School District,Superintendent,Joseph Sawyer,100 Maple Avenue,,Shrewsbury,MA,01545,508-841-8400,508-841-8490,"PK,K,01,02,03,04,05,06,07,08,09,10,11,12"
Shutesbury,02720000,Public School District,Superintendent,Robert Mahler,18 Pleasant Street,,Erving,MA,01344,413-423-3337,413-423-3236,"PK,K,01,02,03,04,05,06"
Silver Hill Horace Mann Charter (District),04770000,Charter District,Charter School Leader,Margaret Shepherd,675 Washington Street,,Haverhill,MA,01832,978-374-3448,978-374-3461,"K,01,02,03,04,05"
Silver Lake,07600000,Public School District,Superintendent,John Tuffy,250 Pembroke Street,,Kingston,MA,02364,781-585-4313,781-585-2994,"PK,07,08,09,10,11,12"
Smith Leadership Academy Charter Public (District),04190000,Charter District,Charter School Leader,Karmala Sherwood,23 Leonard Street,,Boston,MA,02122,617-474-7950,617-474-7957,"06,07,08"
Somerset,02730000,Public School District,Superintendent,Richard Medeiros,580 Whetstone Hill Road,,Somerset,MA,02726,508-324-3100,508-324-3104,"PK,K,01,02,03,04,05,06,07,08"
Somerset Berkley Regional School District,07630000,Public School District,Superintendent,Thomas Lynch,580 Whetstone Hill,,Somerset,MA,02726,508-324-3100,508-324-3104,"09,10,11,12"
Somerville,02740000,Public School District,Superintendent,Anthony Pierantozzi,42 Cross Street,,Somerville,MA,02145,617-625-6600,617-591-7902,"PK,K,01,02,03,04,05,06,07,08,09,10,11,12"
South Hadley,02780000,Public School District,Superintendent,Nicholas Young,116 Main Street,,South Hadley,MA,01075,413-538-5060,413-532-6284,"PK,K,01,02,03,04,05,06,07,08,09,10,11,12"
South Middlesex Regional Vocational Technical,08290000,Public School District,Superintendent,Jonathan Evans,750 Winter Street,,Framingham,MA,01702,508-416-2250,508-416-2342,"09,10,11,12"
South Shore Charter Public (District),04880000,Charter District,Charter School Leader,Alicia Savage,100 Longwater Circle,,Norwell,MA,02061,781-982-4202,781-982-4201,"K,01,02,03,04,05,06,07,08,09,10,11,12"
South Shore Regional Vocational Technical,08730000,Public School District,Superintendent,Thomas Hickey,476 Webster Street,,Hanover,MA,02339,781-878-8822,781-982-0281,"09,10,11,12"
Southampton,02750000,Public School District,Superintendent,Craig Jurgensen,19 Stage Rd,,Westhampton,MA,01027,413-527-7200,413-529-9497,"PK,K,01,02,03,04,05,06"
Southborough,02760000,Public School District,Superintendent,Charles Gobron,53 Parkerville Road,,Southborough,MA,01772,508-486-5115,508-486-5123,"PK,K,01,02,03,04,05,06,07,08"
Southbridge,02770000,Public School District,Superintendent,Basan Nembirkow,25 Cole Avenue,,Southbridge,MA,01550,508-764-5414,508-764-8325,"PK,K,01,02,03,04,05,06,07,08,09,10,11,12"
Southeastern Regional Vocational Technical,08720000,Public School District,Superintendent,Luis Lopes,250 Foundry Street,,South Easton,MA,02375,508-230-1200,508-230-1563,"09,10,11,12"
Southern Berkshire,07650000,Public School District,Superintendent,David Hastings,PO BOX 339,,Sheffield,MA,01257,413-229-8778,413-229-2913,"PK,K,01,02,03,04,05,06,07,08,09,10,11,12"
Southern Worcester County Regional Vocational Technical,08760000,Public School District,Superintendent,John LaFleche,57 Old Muggett Hill Road,,Charlton,MA,01507,508-248-5971,508-248-4747,"09,10,11,12"
Southfield (non-op),03530000,Public School District,Superintendent,Kevin Donovan,223 Shea Memorial Drive,c/o South Shore Tri-Town Development Corporation,South Weymouth,MA,02190,781-682-2187,--,NA
Southwick (non-op),02790000,Public School District,Superintendent,John Barry,86 Powder Mill Road,,Southwick,MA,01077,413-569-5391,413-569-1711,NA
Southwick-Tolland-Granville Regional School District,07660000,Public School District,Superintendent,John Barry,86 Powder Mill Road,,Southwick,MA,01077,413-569-5391,413-569-1711,"PK,K,01,02,03,04,05,06,07,08,09,10,11,12"
Spencer (non-op),02800000,Public School District,Superintendent,Edward Malvey,306 Main Street,,Spencer,MA,01562,508-885-8500,508-885-8504,NA
Spencer-E Brookfield,07670000,Public School District,Superintendent,Edward Malvey,306 Main Street,,Spencer,MA,01562,508-885-8500,508-885-8504,"PK,K,01,02,03,04,05,06,07,08,09,10,11,12"
Spirit of Knowledge Charter School (District),04760000,Charter District,Charter School Leader,Paula Bailey,PO Box 20925,,Worcester,MA,01602,508-252-7321,508-562-4552,"07,08,09,10,11,12"
Springfield,02810000,Public School District,Superintendent,Daniel Warwick,1550 Main Street,PO Box 1410,Springfield,MA,01103,413-787-7100,413-787-7171,"PK,K,01,02,03,04,05,06,07,08,09,10,11,12"
Sterling (non-op),02820000,Public School District,Superintendent,Thomas Pandiscio,1745 Main Street,,Jefferson,MA,01522,508-829-1670,508-829-1680,NA
Stockbridge (non-op),02830000,Public School District,Superintendent,Peter Dillon,207 Pleasant Street,PO Box 596,Housatonic,MA,01236,413-274-6400,--,NA
Stoneham,02840000,Public School District,Superintendent,Les Olson,149 Franklin Street,,Stoneham,MA,02180,781-279-3802,781-279-3818,"PK,K,01,02,03,04,05,06,07,08,09,10,11,12"
Stoughton,02850000,Public School District,Superintendent,Marguerite Rizzi,232 Pearl Street,,Stoughton,MA,02072,781-344-4000,781-344-6417,"PK,K,01,02,03,04,05,06,07,08,09,10,11,12"
Stow (non-op),02860000,Public School District,Superintendent,Michael Wood,50 Mechanic Street,,Bolton,MA,01740,978-779-0539,978-779-6812,NA
Sturbridge,02870000,Public School District,Superintendent,Erin Nosek,320 Brookfield Rd,,Fiskdale,MA,01518,508-347-3077,508-347-2697,"PK,K,01,02,03,04,05,06"
Sturgis Charter Public (District),04890000,Charter District,Charter School Leader,Eric Hieser,427 Main Street,,Hyannis,MA,02601,508-778-1782,508-771-6785,"09,10,11,12"
Sudbury,02880000,Public School District,Superintendent,Anne Wilson,40 Fairbank Road,,Sudbury,MA,01776,978-639-3211,978-443-9001,"PK,K,01,02,03,04,05,06,07,08"
Sunderland,02890000,Public School District,Superintendent,Martha Barrett,219 Christian Ln RFD1,,South Deerfield,MA,01373,413-665-1155,413-665-8506,"PK,K,01,02,03,04,05,06"
Sutton,02900000,Public School District,Superintendent,Theodore Friend,383 Boston Rd,,Sutton,MA,01590,508-581-1600,508-865-6463,"PK,K,01,02,03,04,05,06,07,08,09,10,11,12"
Swampscott,02910000,Public School District,Superintendent,Pamela Angelakis,207 Forest Avenue,,Swampscott,MA,01907,781-596-8800,781-599-2502,"PK,K,01,02,03,04,05,06,07,08,09,10,11,12"
Swansea,02920000,Public School District,Superintendent,Robert Monteiro,1 Gardners Neck Road,,Swansea,MA,02777,508-675-1195,508-672-1040,"PK,K,01,02,03,04,05,06,07,08,09,10,11,12"
Tantasqua,07700000,Public School District,Superintendent,Erin Nosek,320A Brookfield Rd,,Fiskdale,MA,01518,508-347-3077,508-347-2697,"07,08,09,10,11,12"
Taunton,02930000,Public School District,Superintendent,Julie Hackett,215 Harris Street,,Taunton,MA,02780,508-821-1201,508-821-1177,"PK,K,01,02,03,04,05,06,07,08,09,10,11,12"
Templeton (non-op),02940000,Public School District,Superintendent,Ruth Miller,462 Baldwinville Road,,Baldwinville,MA,01436,978-939-5661,978-939-5179,NA
Tewksbury,02950000,Public School District,Superintendent,John O'Connor,139 Pleasant Street,,Tewksbury,MA,01876,978-640-7800,978-640-7804,"PK,K,01,02,03,04,05,06,07,08,09,10,11,12"
Tisbury,02960000,Public School District,Superintendent,James Weiss,4 Pine Street,,Vineyard Haven,MA,02568,508-693-2007,508-693-3190,"PK,K,01,02,03,04,05,06,07,08"
Tolland (non-op),02970000,Public School District,Superintendent,John Barry,86 Powder Mill Road,,Southwick,MA,01077,413-569-5391,413-569-1711,NA
Topsfield,02980000,Public School District,Superintendent,Bernard Creeden,28 Middleton Road,,Boxford,MA,01921,978-887-0771,978-887-8042,"PK,K,01,02,03,04,05,06"
Townsend (non-op),02990000,Public School District,Superintendent,Maureen Marshall,23 Main Street,,Townsend,MA,01469,978-597-8713,978-597-6534,NA
Tri County Regional Vocational Technical,08780000,Public School District,Superintendent,Stephen Dockray,147 Pond Street,,Franklin,MA,02038,508-528-5400,508-528-6074,"09,10,11,12"
Triton,07730000,Public School District,Superintendent,Christopher Farmer,112 Elm Street,,Byfield,MA,01922,978-465-2397,978-465-8599,"PK,K,01,02,03,04,05,06,07,08,09,10,11,12"
Truro,03000000,Public School District,Superintendent,Brian Davis,P O Box 2029,,Truro,MA,02666,508-487-1558,508-487-4289,"PK,K,01,02,03,04,05,06"
Tyngsborough,03010000,Public School District,Superintendent,Donald Ciampa,50 Norris Rd,,Tyngsborough,MA,01879,978-649-7488,978-649-7199,"PK,K,01,02,03,04,05,06,07,08,09,10,11,12"
Tyringham (non-op),03020000,Public School District,Superintendent,Jason McCandless,"480 Pleasant Street, Suite 102",,Lee,MA,01238,413-243-0276,--,NA
UP Academy Charter School of Boston (District),04800000,Charter District,Charter School Leader,James Morrison,215 Dorchester Street,,Boston,MA,02127,617-635-8819,--,"06,07,08"
UP Academy Charter School of Dorchester (District),35050000,Charter District,Charter School Leader,Lana Ewing,35 Westville Street,,Boston,MA,02124,617-635-8810,--,"PK,K,01,02,03,04,05"
Up-Island Regional,07740000,Public School District,Superintendent,James Weiss,4 Pine Street,,Vineyard Haven,MA,02568,508-693-2007,508-693-3190,"PK,K,01,02,03,04,05,06,07,08"
Upper Cape Cod Regional Vocational Technical,08790000,Public School District,Superintendent,Robert Dutch,220 Sandwich Rd,,Bourne,MA,02532,508-759-7711,508-759-7208,"09,10,11,12"
Upton (non-op),03030000,Public School District,Superintendent,Joseph Maruszczak,"150 North Ave, POB 5",,Mendon,MA,01756,508-634-1585,508-634-1582,NA
Uxbridge,03040000,Public School District,Superintendent,Kevin Carney,21 South Main Street,,Uxbridge,MA,01569,508-278-8648,508-278-8612,"PK,K,01,02,03,04,05,06,07,08,09,10,11,12"
Veritas Preparatory Charter School (District),04980000,Charter District,Charter School Leader,Rachel Romano,370 Pine Street,,Springfield,MA,01105,413-539-0055,--,"05,06"
Wachusett,07750000,Public School District,Superintendent,Anthony Gasbarro,1745 Main Street,c/o Jefferson School,Jefferson,MA,01522,508-829-1670,508-829-1680,"PK,K,01,02,03,04,05,06,07,08,09,10,11,12"
Wakefield,03050000,Public School District,Superintendent,Stephen Zrike,60 Farm Street,,Wakefield,MA,01880,781-246-6400,781-245-9164,"PK,K,01,02,03,04,05,06,07,08,09,10,11,12"
Wales,03060000,Public School District,Superintendent,Erin Nosek,320 Brookfield Rd,,Fiskdale,MA,01518,508-347-3077,508-347-2697,"PK,K,01,02,03,04,05,06"
Walpole,03070000,Public School District,Superintendent,Lincoln Lynch,135 School Street,,Walpole,MA,02081,508-660-7200,508-668-1167,"PK,K,01,02,03,04,05,06,07,08,09,10,11,12"
Waltham,03080000,Public School District,Superintendent,Susan Nicholson,617 Lexington Street,,Waltham,MA,02452,781-314-5400,781-314-5411,"PK,K,01,02,03,04,05,06,07,08,09,10,11,12"
Ware,03090000,Public School District,Superintendent,Mary Elizabeth Beach,P O Box 240,,Ware,MA,01082,413-967-4271,413-967-9580,"PK,K,01,02,03,04,05,06,07,08,09,10,11,12"
Wareham,03100000,Public School District,Superintendent,Kimberly Shaver-Hood,48 Marion Road,,Wareham,MA,02571,508-291-3500,508-291-3578,"PK,K,01,02,03,04,05,06,07,08,09,10,11,12"
Warren (non-op),03110000,Public School District,Superintendent,Brett Kustigian,284 Old West Brookfield Road,PO Box 1538,Warren,MA,01083,413-436-9256,413-436-9738,NA
Warwick (non-op),03120000,Public School District,Superintendent,Dayle Doiron,97 F Sumner Turner Rd,,Northfield,MA,01360,413-498-2911,413-498-0045,NA
Washington (non-op),03130000,Public School District,Superintendent,William Cameron,PO Box 299,,Dalton,MA,01227,413-684-0320,413-684-4088,NA
Watertown,03140000,Public School District,Superintendent,Jean Fitzgerald,30 Common Street,,Watertown,MA,02472,617-926-7700,617-923-1234,"PK,K,01,02,03,04,05,06,07,08,09,10,11,12"
Wayland,03150000,Public School District,Superintendent,Paul Stein,41 Cochituate Rd,,Wayland,MA,01778,508-358-3774,508-358-7708,"PK,K,01,02,03,04,05,06,07,08,09,10,11,12"
Webster,03160000,Public School District,Superintendent,Barbara Malkas,PO Box 430,,Webster,MA,01570,508-943-0104,508-943-0315,"PK,K,01,02,03,04,05,06,07,08,09,10,11,12"
Wellesley,03170000,Public School District,Superintendent,David Lussier,40 Kingsbury Street,,Wellesley,MA,02481,781-446-6210,781-446-6207,"PK,K,01,02,03,04,05,06,07,08,09,10,11,12"
Wellfleet,03180000,Public School District,Superintendent,Richard Hoffmann,78 Eldredge Pkwy,,Orleans,MA,02653,508-255-8800,508-240-2351,"PK,K,01,02,03,04,05"
Wendell (non-op),03190000,Public School District,Superintendent,Robert Mahler,18 Pleasant Street,,Erving,MA,01344,413-423-3337,413-423-3236,NA
Wenham (non-op),03200000,Public School District,Superintendent,Michael Harvey,5 School Street,,Wenham,MA,01984,978-468-5310,978-468-7889,NA
West Boylston,03220000,Public School District,Superintendent,Elizabeth Schaper,125 Crescent Street,,West Boylston,MA,01583,508-835-2917,508-835-8992,"PK,K,01,02,03,04,05,06,07,08,09,10,11,12"
West Bridgewater,03230000,Public School District,Superintendent,Patricia Oakley,2 Spring Street,,West Bridgewater,MA,02379,508-894-1230,508-894-1232,"PK,K,01,02,03,04,05,06,07,08,09,10,11,12"
West Brookfield (non-op),03240000,Public School District,Superintendent,Brett Kustigian,48 High Street,PO Box 1538,Warren,MA,01083,413-436-9256,413-436-9738,NA
West Newbury (non-op),03290000,Public School District,Superintendent,Jeffrey Mulqueen,22 Main Street,,West Newbury,MA,01985,978-363-2280,978-363-1165,NA
West Springfield,03320000,Public School District,Superintendent,Russell Johnston,26 Central Street,,West Springfield,MA,01089,413-263-3300,413-495-1725,"PK,K,01,02,03,04,05,06,07,08,09,10,11,12"
West Stockbridge (non-op),03330000,Public School District,Superintendent,Peter Dillon,207 Pleasant Street,PO Box 596,Housatonic,MA,01236,413-274-6400,--,NA
West Tisbury (non-op),03340000,Public School District,Superintendent,James Weiss,4 Pine Street,,Vineyard Haven,MA,02568,508-693-2007,508-693-3190,NA
Westborough,03210000,Public School District,Superintendent,Marianne O'Connor,45 West Main Street,,Westborough,MA,01581,508-836-7700,508-836-7704,"PK,K,01,02,03,04,05,06,07,08,09,10,11,12"
Westfield,03250000,Public School District,Superintendent,Suzanne Scallion,1029 North Road,c/o 22-23 Hampton Ponds Plaza,Westfield,MA,01085,413-572-6403,413-535-0353,"PK,K,01,02,03,04,05,06,07,08,09,10,11,12"
Westford,03260000,Public School District,Superintendent,Everett Olsen,23 Depot Street,,Westford,MA,01886,978-692-5560,978-392-4497,"PK,K,01,02,03,04,05,06,07,08,09,10,11,12"
Westhampton,03270000,Public School District,Superintendent,Craig Jurgensen,19 Stage Rd,,Westhampton,MA,01027,413-527-7200,413-529-9497,"PK,K,01,02,03,04,05,06"
Westminster (non-op),03280000,Public School District,Superintendent,Ralph Hicks,11 Oakmont Drive,,Ashburnham,MA,01430,978-827-1434,978-827-5969,NA
Weston,03300000,Public School District,Superintendent,Cheryl Maloney,89 Wellesley Street,,Weston,MA,02493,781-786-5210,781-786-5209,"PK,K,01,02,03,04,05,06,07,08,09,10,11,12"
Westport,03310000,Public School District,Superintendent,Ann Marie Dargon,17 Main Rd,,Westport,MA,02790,508-636-1140,508-636-1146,"PK,K,01,02,03,04,05,06,07,08,09,10,11,12"
Westwood,03350000,Public School District,Superintendent,John Antonucci,220 Nahatan Street,,Westwood,MA,02090,781-326-7500,781-326-8154,"PK,K,01,02,03,04,05,06,07,08,09,10,11,12"
Weymouth,03360000,Public School District,Superintendent,Kenneth Salim,111 Middle Street,,Weymouth,MA,02189,781-335-1460,781-335-8777,"PK,K,01,02,03,04,05,06,07,08,09,10,11,12"
Whately,03370000,Public School District,Superintendent,Martha Barrett,219 Christian Ln RFD1,,South Deerfield,MA,01373,413-665-1155,413-665-8506,"PK,K,01,02,03,04,05,06"
Whitman (non-op),03380000,Public School District,Superintendent,Ruth Gilbert-Whitner,610 Franklin Street,,Whitman,MA,02382,781-618-7412,781-618-7412,NA
Whitman-Hanson,07800000,Public School District,Superintendent,Ruth Gilbert-Whitner,610 Franklin Street,,Whitman,MA,02382,781-618-7412,781-618-7498,"PK,K,01,02,03,04,05,06,07,08,09,10,11,12"
Whittier Regional Vocational Technical,08850000,Public School District,Superintendent,William DeRosa,115 Amesbury Line Rd,,Haverhill,MA,01830,978-373-4101,978-521-0260,"09,10,11,12"
Wilbraham (non-op),03390000,Public School District,Superintendent,Maurice O'Shea,621 Main Street,,Wilbraham,MA,01095,413-596-3884,413-599-1328,NA
Williamsburg,03400000,Public School District,Superintendent,Craig Jurgensen,19 Stage Rd,,Westhampton,MA,01027,413-527-7200,413-529-9497,"PK,K,01,02,03,04,05,06"
Williamstown,03410000,Public School District,Superintendent,Rose Ellis,1781 Cold Spring Road,,Williamstown,MA,01267,413-458-9582,413-458-2856,"PK,K,01,02,03,04,05,06"
Wilmington,03420000,Public School District,Superintendent,Joanne Benton,161 Church Street,,Wilmington,MA,01887,978-694-6000,978-694-6005,"PK,K,01,02,03,04,05,06,07,08,09,10,11,12"
Winchendon,03430000,Public School District,Superintendent,Salah Khelfaoui,175 Grove Street,,Winchendon,MA,01475,978-297-0031,978-297-5250,"PK,K,01,02,03,04,05,06,07,08,09,10,11,12"
Winchester,03440000,Public School District,Superintendent,William McAlduff,40 Samoset Road,,Winchester,MA,01890,781-721-7004,781-721-0016,"PK,K,01,02,03,04,05,06,07,08,09,10,11,12"
Windsor (non-op),03450000,Public School District,Superintendent,William Cameron,PO Box 299,,Dalton,MA,01227,413-684-0320,413-684-4088,NA
Winthrop,03460000,Public School District,Superintendent,John Macero,1 Metcalf Square,,Winthrop,MA,02152,617-846-5500,617-539-0891,"PK,K,01,02,03,04,05,06,07,08,09,10,11,12"
Woburn,03470000,Public School District,Superintendent,Mark Donovan,55 Locust Street,,Woburn,MA,01801,781-937-8233,781-932-0668,"PK,K,01,02,03,04,05,06,07,08,09,10,11,12"
Worcester,03480000,Public School District,Superintendent,Melinda Boone,20 Irving Street,,Worcester,MA,01609,508-799-3115,508-799-3119,"PK,K,01,02,03,04,05,06,07,08,09,10,11,12"
Worthington (non-op),03490000,Public School District,Superintendent,David Hopson,12 Littleville Road,,Huntington,MA,01050,413-685-1011,413-667-8739,NA
Wrentham,03500000,Public School District,Superintendent,Christopher Martes,120 Taunton Street,,Wrentham,MA,02093,508-384-5439,508-384-5444,"PK,K,01,02,03,04,05,06"
Yarmouth (non-op),03510000,Public School District,Superintendent,Carol Woodbury,296 Station Avenue,,South Yarmouth,MA,02664,508-398-7605,508-398-7622,NA